{"stats":{"minecraft:broken":{"ms:armor/bronze_legs":1,"minecraft:stone_pickaxe":1,"minecraft:wooden_axe":3,"ms:armor/bronze_boots":1,"minecraft:iron_helmet":1,"ms:armor/bronze_chest":1,"ms:armor/opal_helmet":1},"minecraft:crafted":{"ms:tool/uranium_pickaxe":1,"ms:tool/scarlet_emerald_pickaxe":1,"minecraft:crafting_table":9,"minecraft:spruce_planks":88,"minecraft:diamond_pickaxe":1,"ms:materials/iron_rod":4,"minecraft:stick":28,"minecraft:stone_slab":6,"minecraft:iron_pickaxe":1,"minecraft:iron_ingot":4,"ms:tool/citrine_pickaxe":1,"forbidden_arcanus:lens_of_veritatis":1,"ms:gem/uranium_ingot":7,"ms:tool/uranium_sword":2,"minecraft:stone_pickaxe":1,"minecraft:diamond_sword":1,"minecraft:stone_axe":1,"minecraft:air":0,"iceandfire:bestiary":1,"minecraft:wooden_axe":4,"minecraft:torch":4,"iceandfire:silver_pickaxe":1},"minecraft:custom":{"minecraft:interact_with_crafting_table":27,"minecraft:open_barrel":26,"minecraft:leave_game":4,"minecraft:time_since_death":10457,"minecraft:sprint_one_cm":727435,"minecraft:drop":109,"minecraft:play_time":243027,"minecraft:deaths":43,"minecraft:jump":4568,"minecraft:walk_on_water_one_cm":30852,"minecraft:interact_with_furnace":16,"minecraft:sleep_in_bed":10,"minecraft:damage_dealt":37832,"minecraft:player_kills":6,"minecraft:crouch_one_cm":40480,"minecraft:mob_kills":178,"minecraft:damage_dealt_resisted":714,"minecraft:climb_one_cm":8942,"minecraft:walk_one_cm":592243,"minecraft:sneak_time":26296,"minecraft:walk_under_water_one_cm":47315,"minecraft:total_world_time":243027,"minecraft:time_since_rest":10481,"minecraft:damage_taken":2147483647,"minecraft:swim_one_cm":37922,"minecraft:fly_one_cm":876951,"minecraft:open_chest":81,"minecraft:fall_one_cm":118328},"minecraft:killed_by":{"iceandfire:cyclops":7,"minecraft:creeper":1,"born_in_chaos_v1:corpse_fly":1,"iceandfire:dread_ghoul":2,"minecraft:cave_spider":1,"iceandfire:ice_dragon":1,"minecraft:witch":1,"minecraft:zombie":5,"minecraft:vex":1,"minecraft:illusioner":1,"iceandfire:dread_beast":1,"minecraft:player":5,"iceandfire:dread_scuttler":10,"minecraft:stray":1,"iceandfire:gorgon":1,"born_in_chaos_v1:door_knight":1,"born_in_chaos_v1:dread_hound":1},"minecraft:picked_up":{"iceandfire:dread_stone_bricks":33,"minecraft:redstone_block":1,"minecraft:stone_brick_stairs":1,"forbidden_arcanus:xpetrified_orb":1,"minecraft:string":3,"minecraft:smooth_stone_slab":3,"ms:gem/citrine":9,"minecraft:armor_stand":2,"minecraft:smooth_stone":13,"minecraft:cobbled_deepslate":44,"minecraft:spruce_planks":48,"iceandfire:dragonforge_ice_brick":6,"minecraft:smooth_quartz":35,"minecraft:mangrove_log":2,"minecraft:stick":6,"born_in_chaos_v1:shattered_skull":2,"ms:ore/cobalt":2,"minecraft:torch":14,"iceandfire:silver_ore":4,"minecraft:sandstone_wall":1,"ms:tool/aquamarine_sword":1,"minecraft:diorite":50,"ms:tool/steel_sword":1,"ms:ore/tin":7,"minecraft:honey_bottle":1,"minecraft:rotten_flesh":28,"minecraft:carved_pumpkin":3,"create:veridium":20,"ms:armor/opal_helmet":1,"ms:stone/peridotite":4,"minecraft:cobblestone":123,"minecraft:repeater":1,"minecraft:iron_door":2,"minecraft:chiseled_quartz_block":17,"minecraft:tuff":3,"create:raw_zinc":2,"minecraft:dirt":35,"born_in_chaos_v1:monster_skin":3,"ms:gem/opal":1,"iceandfire:ice_dragon_blood":2,"minecraft:bone":46,"minecraft:wheat_seeds":1,"minecraft:orange_tulip":4,"ms:gem/tin_ingot":3,"ms:gem/onyx":4,"iceandfire:stymphalian_bird_feather":10,"ms:ore/mithril":9,"ms:gem/white_opal":5,"minecraft:barrel":1,"minecraft:mossy_cobblestone":1,"iceandfire:dragon_bone_block":4,"minecraft:light_gray_concrete":32,"iceandfire:dread_stone_bricks_mossy":8,"minecraft:granite":3,"minecraft:bone_meal":4,"minecraft:spruce_sign":1,"minecraft:emerald":1,"minecraft:bread":12,"minecraft:oak_sapling":2,"epicsamurai:ruby":8,"minecraft:light_gray_carpet":3,"minecraft:crafting_table":1,"minecraft:coarse_dirt":1,"iceandfire:witherbone":14,"ms:stone/limestone":10,"minecraft:redstone_lamp":2,"minecraft:wooden_pickaxe":2,"ms:ore/deepslate_chromite":1,"ms:tool/silver_sword":1,"minecraft:red_bed":10,"born_in_chaos_v1:intoxicating_decoction":2,"epicsamurai:jade":4,"ms:gem/sapphire":13,"iceandfire:dread_shard":9,"ms:gem/potassium_nitrate":22,"minecraft:birch_sapling":4,"minecraft:raw_iron":3,"iceandfire:dragonbone":9,"minecraft:stone":71,"minecraft:copper_ingot":4,"ms:gem/silver_ingot":2,"born_in_chaos_v1:pieceofdarkmetal":6,"iceandfire:dragon_skull_ice":1,"iceandfire:silver_ingot":4,"minecraft:arrow":27,"minecraft:shears":1,"ms:ore/deepslate_turquoise":6,"minecraft:pink_tulip":2,"born_in_chaos_v1:spiny_shell":2,"minecraft:totem_of_undying":1,"quark:indigo_corundum_cluster":1,"ms:gem/amazonite":6,"ms:ore/chromite":1,"minecraft:mutton":1,"forbidden_arcanus:spawner_scrap":7,"minecraft:white_wool":5,"born_in_chaos_v1:fused_bone":2,"born_in_chaos_v1:corpse_maggot":25,"born_in_chaos_v1:monster_flesh":2,"ms:armor/bronze_helmet":2,"minecraft:fern":1,"ms:food/salt":2,"minecraft:chainmail_chestplate":1,"minecraft:oak_log":5,"ms:gem/sulfur":3,"iceandfire:dread_stone_bricks_cracked":13,"minecraft:gunpowder":1,"ms:gem/ruby":5,"iceandfire:stymphalian_skull":1,"iceandfire:dragonarmor_iron_head":1,"ms:armor/bronze_chest":2,"minecraft:apple":1,"iceandfire:troll_leather_frost":1,"minecraft:iron_ingot":6,"ms:armor/bronze_legs":2,"minecraft:glass_bottle":3,"epicsamurai:aquamarine":13,"ms:gem/scarlet_emerald":4,"iceandfire:copper_nugget":1,"minecraft:pumpkin":2,"minecraft:sweet_berries":1,"ms:gem/olivine":9,"minecraft:gravel":4,"minecraft:spruce_sapling":5,"minecraft:white_bed":1,"minecraft:spruce_log":40,"minecraft:spider_eye":1,"forbidden_arcanus:arcane_crystal":7,"ms:gem/uranium":10,"minecraft:pumpkin_seeds":5,"minecraft:iron_helmet":2,"iceandfire:dragonforge_ice_input":1,"ms:gem/jet":16,"minecraft:coal":8,"ms:armor/bronze_boots":2},"minecraft:dropped":{"minecraft:spruce_sign":1,"minecraft:oak_log":5,"ms:armor/bronze_helmet":1,"minecraft:glass_bottle":4,"minecraft:orange_tulip":4,"born_in_chaos_v1:pieceofdarkmetal":2,"ms:ore/deepslate_turquoise":5,"born_in_chaos_v1:monster_flesh":1,"minecraft:dirt":15,"ms:gem/amazonite":1,"ms:ore/deepslate_chromite":1,"iceandfire:dread_stone_bricks":2,"minecraft:bone_meal":2,"minecraft:iron_pickaxe":2,"ms:gem/olivine":6,"minecraft:bone":37,"minecraft:armor_stand":1,"minecraft:gravel":4,"ms:gem/silver_ingot":2,"minecraft:stone_axe":1,"minecraft:cobbled_deepslate":25,"ms:tool/uranium_sword":1,"minecraft:birch_sapling":4,"minecraft:rotten_flesh":8,"ms:ore/chromite":1,"ms:tool/uranium_pickaxe":1,"minecraft:chainmail_chestplate":1,"ms:stone/limestone":6,"iceandfire:dread_stone_bricks_mossy":6,"minecraft:mangrove_log":2,"ms:gem/white_opal":2,"minecraft:stone_brick_stairs":1,"minecraft:quartz":1,"iceandfire:manuscript":5,"minecraft:bread":65,"ms:gem/citrine":2,"minecraft:wheat_seeds":1,"minecraft:iron_helmet":2,"minecraft:cobblestone":67,"ms:tool/steel_sword":1,"ms:gem/jet":10,"minecraft:coal":2,"minecraft:stick":1,"ms:gem/sulfur":3,"minecraft:diorite":25,"minecraft:repeater":1,"ms:ore/tin":7,"minecraft:smooth_quartz":35,"born_in_chaos_v1:fused_bone":2,"minecraft:iron_door":2,"minecraft:string":1,"create:raw_zinc":2,"minecraft:pink_tulip":2,"minecraft:sweet_berries":1,"minecraft:chiseled_quartz_block":17,"minecraft:smooth_stone_slab":1,"minecraft:tuff":1,"iceandfire:witherbone":14,"iceandfire:silver_ore":4,"minecraft:light_gray_concrete":4,"minecraft:pumpkin_seeds":1,"ms:tool/aquamarine_sword":1,"minecraft:diamond_sword":1,"ms:stone/peridotite":1,"minecraft:stone":135,"create:veridium":20,"aether:chainmail_gloves":1,"iceandfire:silver_ingot":7,"minecraft:oak_sapling":2,"minecraft:carved_pumpkin":1,"ms:ore/cobalt":1,"minecraft:wooden_pickaxe":2},"minecraft:used":{"travelersbackpack:horse":27,"ms:tool/uranium_sword":193,"iceandfire:dragon_skull_ice":1,"minecraft:stone":25,"minecraft:rotten_flesh":3,"minecraft:mutton":1,"minecraft:carrot":6,"minecraft:tuff":2,"minecraft:honey_bottle":2,"born_in_chaos_v1:corpse_maggot":28,"minecraft:iron_helmet":1,"ms:tool/citrine_pickaxe":122,"minecraft:diorite":25,"minecraft:stone_pickaxe":130,"minecraft:wooden_pickaxe":12,"iceandfire:dread_stone_bricks":18,"minecraft:white_wool":1,"minecraft:shears":1,"iceandfire:silver_pickaxe":57,"minecraft:light_gray_concrete":28,"born_in_chaos_v1:monster_flesh":1,"minecraft:bread":55,"minecraft:diamond_sword":374,"minecraft:smooth_stone_slab":2,"minecraft:coarse_dirt":1,"minecraft:carved_pumpkin":1,"minecraft:spruce_planks":26,"minecraft:sandstone_wall":1,"ms:stone/limestone":4,"minecraft:torch":21,"ms:tool/scarlet_emerald_pickaxe":187,"minecraft:dirt":13,"minecraft:chainmail_chestplate":1,"minecraft:wooden_axe":116,"minecraft:totem_of_undying":1,"minecraft:barrel":1,"ms:stone/peridotite":2,"minecraft:cobbled_deepslate":19,"minecraft:pumpkin":2,"minecraft:polished_andesite":2,"ms:ore/deepslate_turquoise":1,"minecraft:mossy_cobblestone":1,"minecraft:crafting_table":9,"minecraft:red_bed":10,"iceandfire:dread_stone_bricks_mossy":2,"minecraft:spruce_log":1,"ms:tool/uranium_pickaxe":1,"minecraft:diamond_pickaxe":103,"minecraft:iron_pickaxe":53,"minecraft:stone_slab":5,"minecraft:stone_axe":61,"minecraft:cobblestone":50,"minecraft:smooth_stone":3},"minecraft:killed":{"born_in_chaos_v1:zombie_clown":1,"minecraft:cave_spider":1,"minecraft:witch":2,"born_in_chaos_v1:zombie_lumberjack":2,"born_in_chaos_v1:restless_spirit":1,"iceandfire:stymphalian_bird":2,"born_in_chaos_v1:siamese_skeletonsright":3,"born_in_chaos_v1:baby_skeleton_minion":2,"minecraft:skeleton":18,"minecraft:illusioner":1,"born_in_chaos_v1:bonescaller":1,"minecraft:zombie_villager":1,"minecraft:sheep":1,"minecraft:pillager":12,"minecraft:zombie":45,"born_in_chaos_v1:dread_hound":5,"born_in_chaos_v1:corpse_fly":17,"minecraft:stray":1,"iceandfire:dread_ghoul":7,"born_in_chaos_v1:door_knight":1,"born_in_chaos_v1:siamese_skeletonsleft":3,"minecraft:vindicator":1,"quark:toretoise":1,"iceandfire:dread_beast":3,"born_in_chaos_v1:zombie_bruiser":1,"born_in_chaos_v1:maggot":25,"creeperoverhaul:snowy_creeper":1,"iceandfire:dread_knight":1,"iceandfire:dread_thrall":10,"born_in_chaos_v1:corpse_fish":2,"iceandfire:cyclops":1,"born_in_chaos_v1:baby_skeleton":1,"naturalist:bear":1,"born_in_chaos_v1:decrepit_skeleton":1},"minecraft:mined":{"ms:ore/deepslate_uranium":9,"minecraft:spruce_planks":4,"minecraft:white_bed":1,"ms:ore/jet":6,"minecraft:carved_pumpkin":2,"minecraft:granite":4,"biomesoplenty:bramble":1,"minecraft:grass_block":24,"ms:ore/deepslate_turquoise":6,"ms:ore/turquoise":1,"iceandfire:dread_spawner":8,"minecraft:deepslate_bricks":1,"minecraft:spawner":8,"minecraft:smooth_stone":15,"epicsamurai:deepslate_jade_ore":4,"ms:stone/peridotite":3,"minecraft:iron_ore":3,"minecraft:cobbled_deepslate":8,"minecraft:pumpkin":2,"minecraft:light_gray_concrete":34,"ms:ore/deepslate_chromite":1,"iceandfire:dread_stone_bricks_cracked":23,"create:veridium":10,"ms:ore/ruby":3,"ms:ore/onyx":4,"minecraft:red_bed":8,"minecraft:chiseled_quartz_block":24,"minecraft:torch":4,"minecraft:polished_andesite_stairs":1,"minecraft:cobblestone":5,"ms:ore/sapphire":11,"minecraft:iron_door":2,"minecraft:wall_torch":8,"minecraft:repeater":1,"ms:ore/mithril":4,"minecraft:smooth_stone_slab":4,"minecraft:stone_brick_stairs":2,"minecraft:grass":2,"iceandfire:dragonforge_ice_input":1,"iceandfire:dread_stone_bricks_mossy":9,"minecraft:dirt":11,"minecraft:smooth_quartz":54,"minecraft:sandstone_wall":1,"quark:indigo_corundum_cluster":1,"iceandfire:dread_stone_bricks":34,"minecraft:deepslate":36,"minecraft:redstone_lamp":2,"create:zinc_ore":2,"minecraft:deepslate_tiles":1,"minecraft:tuff":4,"iceandfire:silver_ore":4,"minecraft:mossy_cobblestone":2,"minecraft:deepslate_diamond_ore":2,"ms:ore/tin":7,"minecraft:glow_lichen":1,"epicsamurai:deepslate_ruby_ore":1,"minecraft:redstone_wire":1,"minecraft:spruce_leaves":5,"ms:ore/sulfur":1,"ms:ore/salty_sand":1,"iceandfire:dragonforge_ice_brick":5,"ms:ore/amazonite":4,"forbidden_arcanus:deepslate_arcane_crystal_ore":4,"minecraft:deepslate_iron_ore":2,"ms:ore/chromite":2,"minecraft:stone":136,"minecraft:light_gray_carpet":3,"minecraft:redstone_block":1,"minecraft:gray_concrete":1,"ms:ore/cobalt":2,"ms:ore/olivine":2,"epicsamurai:deepslate_aquamarine_ore":13,"minecraft:emerald_ore":1,"ms:ore/deepslate_scarlet_emerald":5,"ms:ore/citrine":9,"minecraft:tall_grass":1,"ms:ore/deepslate_white_opal":3,"minecraft:deepslate_gold_ore":2,"ms:ore/deepslate_ruby":1,"minecraft:diorite":23,"minecraft:coarse_dirt":1,"ms:stone/limestone":4,"minecraft:ice":1,"ms:ore/deepslate_sulfur":1,"minecraft:spruce_log":38,"minecraft:birch_leaves":12,"minecraft:coal_ore":10,"minecraft:gravel":4,"minecraft:cobweb":4,"minecraft:cracked_stone_bricks":1,"minecraft:stone_bricks":9,"minecraft:polished_andesite":2,"minecraft:mossy_stone_bricks":2,"epicsamurai:ruby_ore":7}},"DataVersion":3120}