{"stats":{"minecraft:broken":{"minecraft:wooden_axe":3},"minecraft:crafted":{"minecraft:diamond_sword":1,"minecraft:crafting_table":3,"minecraft:spruce_planks":68,"minecraft:stone_axe":1,"minecraft:stick":12,"minecraft:iron_pickaxe":1,"minecraft:wooden_axe":4,"minecraft:torch":4},"minecraft:custom":{"minecraft:mob_kills":85,"minecraft:interact_with_crafting_table":9,"minecraft:open_barrel":7,"minecraft:damage_dealt_resisted":110,"minecraft:leave_game":2,"minecraft:time_since_death":2961,"minecraft:sleep_in_bed":1,"minecraft:climb_one_cm":542,"minecraft:time_since_rest":2989,"minecraft:sprint_one_cm":312890,"minecraft:damage_taken":4005,"minecraft:walk_one_cm":198971,"minecraft:drop":7,"minecraft:damage_dealt":15506,"minecraft:fly_one_cm":369178,"minecraft:swim_one_cm":13713,"minecraft:open_chest":8,"minecraft:crouch_one_cm":7195,"minecraft:play_time":62364,"minecraft:deaths":11,"minecraft:sneak_time":8378,"minecraft:walk_under_water_one_cm":7084,"minecraft:jump":1620,"minecraft:walk_on_water_one_cm":4284,"minecraft:total_world_time":62364,"minecraft:fall_one_cm":32483},"minecraft:killed_by":{"minecraft:player":1,"minecraft:stray":1,"minecraft:creeper":1,"minecraft:witch":1,"minecraft:zombie":5,"born_in_chaos_v1:corpse_fly":1},"minecraft:picked_up":{"born_in_chaos_v1:corpse_maggot":24,"minecraft:coarse_dirt":1,"minecraft:fern":1,"ms:food/salt":2,"minecraft:tuff":2,"minecraft:gunpowder":1,"minecraft:red_bed":3,"minecraft:dirt":14,"minecraft:bone":2,"minecraft:smooth_stone":13,"minecraft:spruce_planks":4,"minecraft:stick":3,"iceandfire:dragonbone":9,"minecraft:sweet_berries":1,"minecraft:torch":9,"minecraft:spruce_sapling":3,"minecraft:spruce_log":35,"minecraft:barrel":1,"minecraft:spider_eye":1,"minecraft:mossy_cobblestone":1,"iceandfire:dragon_skull_ice":1,"minecraft:pumpkin_seeds":1,"minecraft:rotten_flesh":16,"create:veridium":10,"minecraft:spruce_sign":1,"minecraft:bread":12,"minecraft:light_gray_carpet":3,"ms:armor/opal_helmet":1,"minecraft:mutton":1,"forbidden_arcanus:spawner_scrap":3,"minecraft:coal":6,"minecraft:white_wool":1,"minecraft:cobblestone":4},"minecraft:dropped":{"minecraft:stone_axe":1,"minecraft:rotten_flesh":4,"minecraft:iron_pickaxe":2},"minecraft:used":{"minecraft:polished_andesite":2,"minecraft:spruce_planks":15,"minecraft:rotten_flesh":3,"minecraft:white_wool":1,"minecraft:torch":13,"minecraft:mossy_cobblestone":1,"minecraft:dirt":13,"minecraft:mutton":1,"minecraft:crafting_table":3,"minecraft:red_bed":2,"minecraft:tuff":2,"minecraft:spruce_log":1,"born_in_chaos_v1:corpse_maggot":19,"minecraft:wooden_axe":115,"minecraft:bread":13,"minecraft:iron_pickaxe":53,"minecraft:stone_axe":61,"minecraft:diamond_sword":162,"minecraft:cobblestone":1,"minecraft:coarse_dirt":1},"minecraft:killed":{"minecraft:witch":1,"born_in_chaos_v1:maggot":17,"minecraft:sheep":1,"minecraft:skeleton":1,"minecraft:pillager":4,"minecraft:zombie":45,"born_in_chaos_v1:corpse_fly":15},"minecraft:mined":{"minecraft:light_gray_carpet":3,"minecraft:tuff":2,"minecraft:spruce_planks":4,"minecraft:red_bed":2,"minecraft:mossy_cobblestone":2,"minecraft:torch":2,"minecraft:grass_block":11,"minecraft:polished_andesite_stairs":1,"minecraft:tall_grass":1,"minecraft:cobblestone":5,"minecraft:spruce_leaves":3,"ms:ore/salty_sand":1,"minecraft:wall_torch":6,"minecraft:spawner":4,"minecraft:smooth_stone":15,"minecraft:coarse_dirt":1,"minecraft:ice":1,"minecraft:spruce_log":33,"minecraft:smooth_stone_slab":2,"minecraft:coal_ore":8,"minecraft:dirt":3,"minecraft:polished_andesite":2,"create:veridium":10}},"DataVersion":3120}