{"stats":{"minecraft:custom":{"minecraft:mob_kills":110,"minecraft:interact_with_crafting_table":13,"minecraft:open_barrel":15,"minecraft:damage_dealt_resisted":538,"minecraft:leave_game":2,"minecraft:time_since_death":1015,"minecraft:sleep_in_bed":4,"minecraft:climb_one_cm":8418,"minecraft:time_since_rest":1041,"minecraft:sprint_one_cm":402891,"minecraft:damage_taken":5289,"minecraft:walk_one_cm":285121,"minecraft:drop":10,"minecraft:damage_dealt":20713,"minecraft:player_kills":1,"minecraft:swim_one_cm":13947,"minecraft:fly_one_cm":499459,"minecraft:open_chest":18,"minecraft:crouch_one_cm":20908,"minecraft:play_time":103828,"minecraft:deaths":15,"minecraft:sneak_time":16012,"minecraft:walk_under_water_one_cm":7165,"minecraft:jump":2321,"minecraft:walk_on_water_one_cm":4436,"minecraft:total_world_time":103828,"minecraft:fall_one_cm":53069},"minecraft:picked_up":{"iceandfire:dread_stone_bricks":2,"born_in_chaos_v1:corpse_maggot":24,"minecraft:coarse_dirt":1,"born_in_chaos_v1:monster_flesh":2,"minecraft:redstone_block":1,"minecraft:repeater":1,"minecraft:iron_door":2,"minecraft:redstone_lamp":2,"minecraft:chiseled_quartz_block":17,"minecraft:wooden_pickaxe":2,"minecraft:fern":1,"ms:food/salt":2,"minecraft:tuff":2,"minecraft:stone_brick_stairs":1,"minecraft:chainmail_chestplate":1,"minecraft:gunpowder":1,"minecraft:string":2,"minecraft:dirt":14,"minecraft:red_bed":6,"minecraft:smooth_stone_slab":3,"born_in_chaos_v1:monster_skin":3,"minecraft:bone":20,"minecraft:smooth_stone":13,"minecraft:spruce_planks":45,"minecraft:smooth_quartz":35,"minecraft:glass_bottle":1,"minecraft:stick":3,"iceandfire:dragonbone":9,"minecraft:sweet_berries":1,"minecraft:torch":11,"minecraft:sandstone_wall":1,"minecraft:spruce_sapling":3,"minecraft:spruce_log":35,"minecraft:mossy_cobblestone":1,"minecraft:barrel":1,"minecraft:spider_eye":1,"iceandfire:dragon_skull_ice":1,"minecraft:arrow":23,"minecraft:light_gray_concrete":31,"minecraft:pumpkin_seeds":1,"minecraft:honey_bottle":1,"minecraft:rotten_flesh":16,"iceandfire:dread_stone_bricks_mossy":1,"create:veridium":10,"minecraft:spruce_sign":1,"minecraft:bread":12,"minecraft:light_gray_carpet":3,"ms:armor/opal_helmet":1,"minecraft:mutton":1,"forbidden_arcanus:spawner_scrap":6,"minecraft:coal":6,"minecraft:white_wool":1,"minecraft:cobblestone":10},"minecraft:used":{"travelersbackpack:horse":5,"minecraft:stone_pickaxe":130,"minecraft:polished_andesite":2,"iceandfire:dragon_skull_ice":1,"minecraft:spruce_planks":15,"minecraft:wooden_pickaxe":12,"minecraft:rotten_flesh":3,"minecraft:white_wool":1,"minecraft:torch":18,"minecraft:mossy_cobblestone":1,"minecraft:dirt":13,"minecraft:mutton":1,"minecraft:crafting_table":4,"minecraft:red_bed":6,"minecraft:chainmail_chestplate":1,"minecraft:carrot":6,"minecraft:tuff":2,"minecraft:spruce_log":1,"minecraft:honey_bottle":2,"born_in_chaos_v1:corpse_maggot":27,"minecraft:wooden_axe":115,"minecraft:light_gray_concrete":22,"born_in_chaos_v1:monster_flesh":1,"minecraft:bread":13,"minecraft:iron_pickaxe":53,"minecraft:barrel":1,"minecraft:stone_axe":61,"minecraft:diamond_sword":317,"minecraft:cobblestone":1,"minecraft:smooth_stone_slab":2,"minecraft:coarse_dirt":1},"minecraft:killed_by":{"iceandfire:dread_beast":1,"minecraft:player":2,"minecraft:stray":1,"minecraft:creeper":1,"minecraft:witch":1,"minecraft:zombie":5,"born_in_chaos_v1:corpse_fly":1,"born_in_chaos_v1:dread_hound":1,"born_in_chaos_v1:door_knight":1},"minecraft:mined":{"minecraft:light_gray_carpet":3,"minecraft:tuff":2,"minecraft:spruce_planks":4,"minecraft:redstone_block":1,"minecraft:gray_concrete":1,"minecraft:red_bed":5,"minecraft:mossy_cobblestone":2,"minecraft:chiseled_quartz_block":24,"minecraft:torch":3,"minecraft:grass_block":11,"minecraft:polished_andesite_stairs":1,"minecraft:redstone_wire":1,"minecraft:tall_grass":1,"minecraft:cobblestone":5,"minecraft:spruce_leaves":3,"ms:ore/salty_sand":1,"minecraft:iron_door":2,"minecraft:wall_torch":7,"minecraft:spawner":7,"minecraft:smooth_stone":15,"minecraft:repeater":1,"minecraft:coarse_dirt":1,"minecraft:ice":1,"minecraft:spruce_log":33,"minecraft:stone_brick_stairs":2,"minecraft:smooth_stone_slab":4,"minecraft:coal_ore":8,"minecraft:smooth_quartz":54,"minecraft:light_gray_concrete":33,"minecraft:dirt":3,"minecraft:sandstone_wall":1,"minecraft:cobweb":4,"iceandfire:dread_stone_bricks_cracked":2,"minecraft:stone":6,"minecraft:polished_andesite":2,"create:veridium":10,"iceandfire:dread_stone_bricks":1,"minecraft:redstone_lamp":2},"minecraft:crafted":{"minecraft:diamond_sword":1,"minecraft:crafting_table":4,"minecraft:spruce_planks":68,"minecraft:stone_axe":1,"minecraft:stick":16,"minecraft:stone_pickaxe":1,"minecraft:iron_pickaxe":1,"minecraft:wooden_axe":4,"minecraft:torch":4},"minecraft:broken":{"minecraft:stone_pickaxe":1,"minecraft:wooden_axe":3},"minecraft:killed":{"minecraft:witch":1,"minecraft:zombie_villager":1,"born_in_chaos_v1:maggot":19,"minecraft:sheep":1,"minecraft:skeleton":17,"minecraft:pillager":5,"minecraft:zombie":45,"born_in_chaos_v1:dread_hound":3,"born_in_chaos_v1:corpse_fly":17,"born_in_chaos_v1:door_knight":1},"minecraft:dropped":{"minecraft:stone_axe":1,"minecraft:rotten_flesh":4,"minecraft:pumpkin_seeds":1,"aether:chainmail_gloves":1,"minecraft:wooden_pickaxe":1,"minecraft:iron_pickaxe":2}},"DataVersion":3120}