{"stats":{"minecraft:custom":{"minecraft:mob_kills":111,"minecraft:interact_with_crafting_table":15,"minecraft:open_barrel":18,"minecraft:damage_dealt_resisted":538,"minecraft:leave_game":2,"minecraft:time_since_death":3470,"minecraft:climb_one_cm":8418,"minecraft:sprint_one_cm":460657,"minecraft:walk_one_cm":348755,"minecraft:drop":34,"minecraft:play_time":127828,"minecraft:deaths":17,"minecraft:sneak_time":16352,"minecraft:walk_under_water_one_cm":7375,"minecraft:jump":2671,"minecraft:walk_on_water_one_cm":7279,"minecraft:total_world_time":127828,"minecraft:interact_with_furnace":5,"minecraft:sleep_in_bed":4,"minecraft:time_since_rest":3540,"minecraft:damage_taken":5745,"minecraft:damage_dealt":21019,"minecraft:fly_one_cm":550887,"minecraft:swim_one_cm":15977,"minecraft:player_kills":3,"minecraft:open_chest":19,"minecraft:crouch_one_cm":21539,"minecraft:fall_one_cm":59550},"minecraft:picked_up":{"iceandfire:dread_stone_bricks":2,"minecraft:coarse_dirt":1,"minecraft:redstone_block":1,"minecraft:redstone_lamp":2,"minecraft:wooden_pickaxe":2,"minecraft:stone_brick_stairs":1,"ms:tool/silver_sword":1,"minecraft:string":2,"minecraft:red_bed":10,"minecraft:smooth_stone_slab":3,"ms:gem/citrine":6,"minecraft:armor_stand":1,"ms:gem/sapphire":11,"minecraft:smooth_stone":13,"minecraft:spruce_planks":45,"minecraft:smooth_quartz":35,"minecraft:stick":3,"iceandfire:dragonbone":9,"minecraft:stone":64,"ms:ore/cobalt":1,"minecraft:torch":13,"iceandfire:silver_ore":4,"minecraft:sandstone_wall":1,"ms:gem/silver_ingot":2,"minecraft:diorite":19,"ms:tool/steel_sword":1,"ms:ore/tin":7,"iceandfire:dragon_skull_ice":1,"iceandfire:silver_ingot":1,"minecraft:arrow":23,"minecraft:honey_bottle":1,"minecraft:rotten_flesh":16,"minecraft:pink_tulip":1,"create:veridium":10,"quark:indigo_corundum_cluster":1,"ms:gem/amazonite":6,"ms:armor/opal_helmet":1,"minecraft:mutton":1,"ms:stone/peridotite":3,"forbidden_arcanus:spawner_scrap":6,"minecraft:white_wool":1,"minecraft:cobblestone":59,"born_in_chaos_v1:corpse_maggot":24,"minecraft:repeater":1,"born_in_chaos_v1:monster_flesh":2,"minecraft:iron_door":2,"ms:armor/bronze_helmet":1,"minecraft:fern":1,"minecraft:chiseled_quartz_block":17,"ms:food/salt":2,"minecraft:tuff":2,"create:raw_zinc":2,"minecraft:chainmail_chestplate":1,"minecraft:gunpowder":1,"ms:gem/ruby":3,"minecraft:dirt":14,"born_in_chaos_v1:monster_skin":3,"ms:armor/bronze_chest":1,"minecraft:bone":38,"minecraft:orange_tulip":2,"ms:armor/bronze_legs":1,"minecraft:glass_bottle":3,"ms:gem/onyx":3,"minecraft:sweet_berries":1,"ms:gem/olivine":6,"minecraft:spruce_sapling":3,"ms:ore/mithril":9,"minecraft:spruce_log":35,"minecraft:spider_eye":1,"minecraft:barrel":1,"minecraft:mossy_cobblestone":1,"minecraft:light_gray_concrete":32,"minecraft:pumpkin_seeds":1,"iceandfire:dread_stone_bricks_mossy":1,"minecraft:granite":3,"ms:gem/jet":10,"minecraft:spruce_sign":1,"minecraft:bread":12,"minecraft:light_gray_carpet":3,"minecraft:coal":6,"ms:armor/bronze_boots":1},"minecraft:used":{"travelersbackpack:horse":9,"iceandfire:dragon_skull_ice":1,"minecraft:spruce_planks":15,"minecraft:rotten_flesh":3,"minecraft:torch":19,"minecraft:dirt":13,"minecraft:mutton":1,"minecraft:chainmail_chestplate":1,"minecraft:carrot":6,"minecraft:tuff":2,"minecraft:honey_bottle":2,"born_in_chaos_v1:corpse_maggot":27,"minecraft:wooden_axe":115,"minecraft:barrel":1,"ms:tool/citrine_pickaxe":84,"ms:stone/peridotite":2,"minecraft:polished_andesite":2,"minecraft:stone_pickaxe":130,"minecraft:wooden_pickaxe":12,"minecraft:white_wool":1,"minecraft:mossy_cobblestone":1,"minecraft:crafting_table":5,"minecraft:red_bed":9,"minecraft:spruce_log":1,"iceandfire:silver_pickaxe":39,"minecraft:light_gray_concrete":28,"born_in_chaos_v1:monster_flesh":1,"minecraft:bread":13,"minecraft:iron_pickaxe":53,"minecraft:stone_axe":61,"minecraft:diamond_sword":324,"minecraft:cobblestone":1,"minecraft:smooth_stone_slab":2,"minecraft:coarse_dirt":1},"minecraft:killed_by":{"minecraft:player":2,"iceandfire:dread_beast":1,"minecraft:stray":1,"minecraft:creeper":1,"born_in_chaos_v1:corpse_fly":1,"minecraft:cave_spider":1,"iceandfire:ice_dragon":1,"minecraft:witch":1,"minecraft:zombie":5,"born_in_chaos_v1:door_knight":1,"born_in_chaos_v1:dread_hound":1},"minecraft:mined":{"create:zinc_ore":2,"minecraft:tuff":2,"minecraft:spruce_planks":4,"ms:ore/jet":5,"iceandfire:silver_ore":4,"minecraft:mossy_cobblestone":2,"ms:ore/tin":7,"minecraft:glow_lichen":1,"minecraft:granite":4,"biomesoplenty:bramble":1,"minecraft:grass_block":11,"minecraft:redstone_wire":1,"minecraft:spruce_leaves":3,"ms:ore/salty_sand":1,"minecraft:spawner":7,"minecraft:smooth_stone":15,"ms:ore/amazonite":4,"ms:stone/peridotite":3,"minecraft:iron_ore":2,"minecraft:light_gray_concrete":34,"minecraft:stone":51,"iceandfire:dread_stone_bricks_cracked":2,"create:veridium":10,"ms:ore/ruby":2,"ms:ore/onyx":3,"minecraft:light_gray_carpet":3,"minecraft:redstone_block":1,"minecraft:gray_concrete":1,"ms:ore/cobalt":1,"ms:ore/olivine":2,"minecraft:red_bed":8,"minecraft:chiseled_quartz_block":24,"minecraft:torch":3,"minecraft:polished_andesite_stairs":1,"ms:ore/citrine":6,"minecraft:tall_grass":1,"minecraft:cobblestone":5,"ms:ore/sapphire":9,"minecraft:diorite":17,"minecraft:iron_door":2,"minecraft:wall_torch":8,"minecraft:repeater":1,"minecraft:coarse_dirt":1,"ms:ore/mithril":3,"minecraft:ice":1,"minecraft:spruce_log":33,"minecraft:smooth_stone_slab":4,"minecraft:stone_brick_stairs":2,"minecraft:coal_ore":8,"minecraft:dirt":3,"minecraft:smooth_quartz":54,"minecraft:sandstone_wall":1,"minecraft:cobweb":4,"quark:indigo_corundum_cluster":1,"minecraft:polished_andesite":2,"iceandfire:dread_stone_bricks":1,"minecraft:redstone_lamp":2},"minecraft:crafted":{"minecraft:stone_pickaxe":1,"minecraft:diamond_sword":1,"minecraft:crafting_table":5,"minecraft:spruce_planks":68,"minecraft:stone_axe":1,"minecraft:stick":20,"minecraft:iron_pickaxe":1,"minecraft:wooden_axe":4,"minecraft:torch":4,"iceandfire:silver_pickaxe":1,"ms:tool/citrine_pickaxe":1},"minecraft:broken":{"minecraft:stone_pickaxe":1,"minecraft:wooden_axe":3},"minecraft:killed":{"minecraft:cave_spider":1,"minecraft:witch":1,"born_in_chaos_v1:maggot":19,"minecraft:skeleton":17,"minecraft:zombie_villager":1,"minecraft:sheep":1,"minecraft:pillager":5,"minecraft:zombie":45,"born_in_chaos_v1:dread_hound":3,"born_in_chaos_v1:corpse_fly":17,"born_in_chaos_v1:door_knight":1},"minecraft:dropped":{"ms:gem/citrine":2,"ms:armor/bronze_helmet":1,"minecraft:glass_bottle":2,"minecraft:orange_tulip":1,"ms:tool/steel_sword":1,"ms:gem/jet":10,"born_in_chaos_v1:monster_flesh":1,"minecraft:repeater":1,"ms:gem/amazonite":1,"ms:ore/tin":7,"minecraft:iron_door":2,"minecraft:iron_pickaxe":2,"ms:gem/olivine":3,"minecraft:bone":37,"minecraft:armor_stand":1,"ms:gem/silver_ingot":2,"minecraft:stone_axe":1,"minecraft:rotten_flesh":4,"minecraft:pumpkin_seeds":1,"minecraft:chainmail_chestplate":1,"iceandfire:dread_stone_bricks_mossy":1,"minecraft:stone":64,"aether:chainmail_gloves":1,"iceandfire:silver_ingot":1,"ms:ore/cobalt":1,"minecraft:wooden_pickaxe":1,"minecraft:stone_brick_stairs":1}},"DataVersion":3120}