{"stats":{"minecraft:broken":{"ms:armor/bronze_legs":1,"minecraft:stone_pickaxe":1,"minecraft:wooden_axe":3,"ms:armor/bronze_boots":1,"minecraft:iron_helmet":1,"ms:armor/bronze_chest":1,"ms:armor/opal_helmet":1},"minecraft:crafted":{"minecraft:cooked_mutton":48,"ms:tool/uranium_pickaxe":1,"ms:tool/scarlet_emerald_pickaxe":1,"minecraft:crafting_table":9,"minecraft:spruce_planks":88,"minecraft:diamond_pickaxe":1,"ms:materials/iron_rod":4,"minecraft:stick":28,"minecraft:stone_slab":6,"minecraft:iron_ingot":7,"minecraft:iron_pickaxe":1,"ms:tool/citrine_pickaxe":1,"minecraft:redstone":9,"forbidden_arcanus:lens_of_veritatis":1,"ms:gem/uranium_ingot":7,"ms:tool/uranium_sword":2,"minecraft:furnace":1,"minecraft:stone_pickaxe":1,"minecraft:diamond_sword":1,"minecraft:stone_axe":1,"minecraft:air":0,"iceandfire:bestiary":1,"minecraft:wooden_axe":4,"minecraft:torch":4,"iceandfire:silver_pickaxe":1},"minecraft:custom":{"minecraft:interact_with_crafting_table":32,"minecraft:open_barrel":43,"minecraft:leave_game":6,"minecraft:time_since_death":9877,"minecraft:sprint_one_cm":847093,"minecraft:drop":112,"minecraft:play_time":279838,"minecraft:deaths":54,"minecraft:jump":5320,"minecraft:walk_on_water_one_cm":39209,"minecraft:interact_with_furnace":30,"minecraft:sleep_in_bed":12,"minecraft:damage_dealt":41899,"minecraft:player_kills":6,"minecraft:crouch_one_cm":41391,"minecraft:mob_kills":198,"minecraft:damage_dealt_resisted":2214,"minecraft:climb_one_cm":11091,"minecraft:walk_one_cm":662574,"minecraft:sneak_time":26660,"minecraft:walk_under_water_one_cm":55461,"minecraft:total_world_time":279838,"minecraft:time_since_rest":17,"minecraft:damage_taken":2147483647,"minecraft:swim_one_cm":56668,"minecraft:fly_one_cm":1053142,"minecraft:open_chest":93,"minecraft:fall_one_cm":135193},"minecraft:killed_by":{"born_in_chaos_v1:nightmare_stalker":4,"iceandfire:cyclops":11,"minecraft:creeper":1,"orcz:orcsavage_2sword":3,"born_in_chaos_v1:corpse_fly":1,"iceandfire:dread_ghoul":2,"minecraft:cave_spider":1,"iceandfire:ice_dragon":1,"minecraft:witch":1,"minecraft:zombie":5,"minecraft:illusioner":1,"minecraft:vex":1,"minecraft:player":5,"iceandfire:dread_beast":1,"iceandfire:dread_scuttler":10,"minecraft:stray":1,"iceandfire:gorgon":1,"born_in_chaos_v1:door_knight":1,"born_in_chaos_v1:dread_hound":1},"minecraft:picked_up":{"iceandfire:dread_stone_bricks":33,"minecraft:redstone_block":1,"minecraft:lead":4,"minecraft:stone_brick_stairs":1,"forbidden_arcanus:xpetrified_orb":1,"minecraft:string":3,"minecraft:smooth_stone_slab":3,"ms:gem/citrine":9,"minecraft:armor_stand":2,"minecraft:cobbled_deepslate":44,"minecraft:smooth_stone":13,"minecraft:spruce_planks":48,"iceandfire:dragonforge_ice_brick":6,"minecraft:smooth_quartz":35,"minecraft:mangrove_log":2,"minecraft:stick":6,"orcz:orcskull":1,"born_in_chaos_v1:shattered_skull":2,"minecraft:torch":14,"ms:ore/cobalt":2,"iceandfire:silver_ore":4,"minecraft:sandstone_wall":1,"ms:tool/aquamarine_sword":1,"orcz:squigs_claws":1,"minecraft:diorite":50,"ms:tool/steel_sword":1,"ms:ore/tin":7,"minecraft:honey_bottle":1,"minecraft:rotten_flesh":33,"orcz:orcshroom":1,"minecraft:carved_pumpkin":3,"create:veridium":20,"ms:armor/opal_helmet":1,"ms:stone/peridotite":4,"minecraft:cobblestone":141,"orcz:orcteeth":33,"minecraft:repeater":1,"minecraft:iron_door":2,"minecraft:chiseled_quartz_block":17,"minecraft:tuff":3,"create:raw_zinc":2,"minecraft:dirt":38,"born_in_chaos_v1:monster_skin":4,"ms:gem/opal":1,"iceandfire:ice_dragon_blood":2,"minecraft:bone":46,"minecraft:wheat_seeds":1,"minecraft:orange_tulip":4,"minecraft:mossy_stone_bricks":2,"ms:gem/tin_ingot":3,"minecraft:mossy_stone_brick_stairs":2,"ms:gem/onyx":4,"iceandfire:stymphalian_bird_feather":10,"ms:ore/mithril":9,"ms:gem/white_opal":5,"minecraft:mossy_cobblestone":1,"minecraft:barrel":1,"iceandfire:dragon_bone_block":4,"minecraft:light_gray_concrete":32,"minecraft:diamond":6,"iceandfire:dread_stone_bricks_mossy":8,"minecraft:granite":3,"minecraft:bone_meal":4,"minecraft:emerald":1,"minecraft:spruce_sign":1,"minecraft:bread":13,"epicsamurai:ruby":8,"minecraft:oak_sapling":2,"minecraft:light_gray_carpet":3,"iceandfire:dragon_skull_lightning":3,"minecraft:coarse_dirt":1,"minecraft:crafting_table":1,"iceandfire:witherbone":14,"born_in_chaos_v1:river_mint":1,"ms:stone/limestone":10,"minecraft:redstone_lamp":2,"minecraft:wooden_pickaxe":2,"ms:ore/deepslate_chromite":1,"ms:tool/silver_sword":1,"minecraft:red_bed":10,"born_in_chaos_v1:intoxicating_decoction":2,"epicsamurai:jade":4,"minecraft:cracked_stone_bricks":1,"travelersbackpack:horse":1,"ms:gem/sapphire":13,"minecraft:beef":3,"iceandfire:dread_shard":9,"ms:gem/potassium_nitrate":22,"minecraft:birch_sapling":4,"minecraft:raw_iron":3,"iceandfire:dragonbone":38,"minecraft:stone":71,"minecraft:copper_ingot":4,"minecraft:spruce_fence":1,"ms:gem/silver_ingot":2,"orcz:orchorn":1,"born_in_chaos_v1:pieceofdarkmetal":6,"iceandfire:dragon_skull_ice":1,"iceandfire:silver_ingot":4,"minecraft:arrow":27,"minecraft:shears":1,"ms:ore/deepslate_turquoise":6,"minecraft:pink_tulip":2,"born_in_chaos_v1:spiny_shell":2,"minecraft:totem_of_undying":1,"quark:indigo_corundum_cluster":1,"ms:gem/amazonite":6,"ms:ore/chromite":1,"minecraft:mutton":1,"forbidden_arcanus:spawner_scrap":7,"minecraft:white_wool":5,"born_in_chaos_v1:fused_bone":2,"born_in_chaos_v1:corpse_maggot":25,"born_in_chaos_v1:monster_flesh":3,"minecraft:fern":1,"ms:armor/bronze_helmet":2,"ms:food/salt":2,"minecraft:chainmail_chestplate":1,"minecraft:oak_log":5,"ms:gem/sulfur":3,"iceandfire:dread_stone_bricks_cracked":37,"minecraft:gunpowder":1,"ms:gem/ruby":5,"iceandfire:stymphalian_skull":1,"iceandfire:dragonarmor_iron_head":1,"ms:armor/bronze_chest":2,"minecraft:apple":1,"iceandfire:troll_leather_frost":1,"minecraft:iron_ingot":6,"ms:armor/bronze_legs":2,"minecraft:glass_bottle":3,"epicsamurai:aquamarine":13,"ms:gem/scarlet_emerald":4,"iceandfire:copper_nugget":1,"minecraft:pumpkin":2,"minecraft:sweet_berries":1,"ms:gem/olivine":9,"minecraft:gravel":4,"minecraft:spruce_sapling":5,"minecraft:white_bed":1,"minecraft:spruce_log":40,"minecraft:spider_eye":1,"forbidden_arcanus:arcane_crystal":7,"ms:gem/uranium":10,"minecraft:pumpkin_seeds":5,"minecraft:iron_helmet":2,"iceandfire:dragonforge_ice_input":1,"ms:gem/jet":16,"minecraft:coal":23,"ms:armor/bronze_boots":2},"minecraft:dropped":{"minecraft:spruce_sign":1,"minecraft:oak_log":5,"ms:armor/bronze_helmet":1,"minecraft:glass_bottle":4,"minecraft:orange_tulip":4,"travelersbackpack:horse":1,"born_in_chaos_v1:pieceofdarkmetal":2,"iceandfire:dread_stone_bricks_cracked":24,"ms:ore/deepslate_turquoise":5,"born_in_chaos_v1:monster_flesh":1,"minecraft:dirt":15,"ms:gem/amazonite":1,"ms:ore/deepslate_chromite":1,"iceandfire:dread_stone_bricks":2,"minecraft:bone_meal":2,"minecraft:iron_pickaxe":2,"ms:gem/olivine":6,"minecraft:bone":37,"minecraft:armor_stand":1,"minecraft:gravel":4,"ms:gem/silver_ingot":2,"minecraft:stone_axe":1,"minecraft:cobbled_deepslate":25,"ms:tool/uranium_sword":1,"minecraft:birch_sapling":4,"minecraft:rotten_flesh":8,"ms:ore/chromite":1,"ms:tool/uranium_pickaxe":1,"minecraft:chainmail_chestplate":1,"ms:stone/limestone":6,"iceandfire:dread_stone_bricks_mossy":6,"minecraft:mangrove_log":2,"ms:gem/white_opal":2,"minecraft:quartz":1,"minecraft:stone_brick_stairs":1,"iceandfire:manuscript":5,"ms:gem/citrine":2,"minecraft:bread":65,"minecraft:wheat_seeds":1,"minecraft:iron_helmet":2,"minecraft:cobblestone":67,"ms:tool/steel_sword":1,"ms:gem/jet":10,"minecraft:coal":2,"minecraft:stick":1,"ms:gem/sulfur":3,"minecraft:diorite":25,"minecraft:repeater":1,"ms:ore/tin":7,"minecraft:smooth_quartz":35,"born_in_chaos_v1:fused_bone":2,"minecraft:iron_door":2,"minecraft:string":1,"create:raw_zinc":2,"minecraft:pink_tulip":2,"minecraft:sweet_berries":1,"minecraft:chiseled_quartz_block":17,"minecraft:smooth_stone_slab":1,"minecraft:tuff":1,"iceandfire:witherbone":14,"iceandfire:silver_ore":4,"minecraft:light_gray_concrete":4,"minecraft:pumpkin_seeds":1,"ms:tool/aquamarine_sword":1,"minecraft:diamond_sword":1,"ms:stone/peridotite":1,"minecraft:stone":135,"create:veridium":20,"aether:chainmail_gloves":1,"iceandfire:silver_ingot":7,"minecraft:oak_sapling":2,"minecraft:carved_pumpkin":1,"ms:ore/cobalt":1,"minecraft:wooden_pickaxe":2},"minecraft:used":{"travelersbackpack:horse":27,"ms:tool/uranium_sword":265,"iceandfire:dragon_skull_ice":1,"minecraft:stone":25,"minecraft:rotten_flesh":3,"minecraft:mutton":1,"minecraft:carrot":6,"minecraft:tuff":2,"minecraft:honey_bottle":2,"born_in_chaos_v1:corpse_maggot":28,"minecraft:iron_helmet":1,"ms:tool/citrine_pickaxe":122,"minecraft:furnace":1,"minecraft:diorite":25,"minecraft:stone_pickaxe":130,"minecraft:wooden_pickaxe":12,"iceandfire:dread_stone_bricks":18,"minecraft:white_wool":1,"minecraft:shears":1,"iceandfire:silver_pickaxe":57,"minecraft:light_gray_concrete":28,"born_in_chaos_v1:monster_flesh":1,"minecraft:bread":63,"minecraft:diamond_sword":374,"minecraft:smooth_stone_slab":2,"minecraft:coarse_dirt":1,"minecraft:carved_pumpkin":1,"minecraft:spruce_planks":26,"minecraft:sandstone_wall":1,"ms:stone/limestone":4,"minecraft:torch":21,"minecraft:dirt":16,"ms:tool/scarlet_emerald_pickaxe":200,"minecraft:chainmail_chestplate":1,"minecraft:spruce_fence":1,"minecraft:wooden_axe":116,"minecraft:totem_of_undying":1,"minecraft:barrel":1,"ms:stone/peridotite":2,"minecraft:cobbled_deepslate":19,"minecraft:pumpkin":2,"minecraft:lead":1,"minecraft:polished_andesite":2,"ms:ore/deepslate_turquoise":1,"iceandfire:dragon_skull_lightning":2,"minecraft:mossy_cobblestone":1,"minecraft:crafting_table":10,"minecraft:red_bed":10,"iceandfire:dread_stone_bricks_mossy":2,"minecraft:white_bed":1,"minecraft:spruce_log":1,"ms:tool/uranium_pickaxe":1,"minecraft:diamond_pickaxe":128,"minecraft:diamond_shovel":3,"minecraft:iron_pickaxe":53,"minecraft:stone_slab":5,"minecraft:stone_axe":61,"minecraft:cobblestone":54,"minecraft:smooth_stone":3,"iceandfire:dread_stone_bricks_cracked":3},"minecraft:killed":{"born_in_chaos_v1:zombie_clown":1,"minecraft:cave_spider":1,"minecraft:witch":2,"born_in_chaos_v1:restless_spirit":1,"born_in_chaos_v1:zombie_lumberjack":2,"iceandfire:stymphalian_bird":2,"born_in_chaos_v1:siamese_skeletonsright":3,"born_in_chaos_v1:baby_skeleton_minion":2,"minecraft:skeleton":18,"orcz:squig":1,"minecraft:illusioner":1,"born_in_chaos_v1:bonescaller":1,"minecraft:zombie_villager":1,"orcz:goblinsavagemace":1,"orcz:goblinwerid":1,"minecraft:sheep":1,"born_in_chaos_v1:zombie_fisherman":1,"minecraft:pillager":12,"minecraft:zombie":47,"born_in_chaos_v1:dread_hound":6,"born_in_chaos_v1:corpse_fly":20,"orcz:bigorcboss":1,"minecraft:stray":1,"iceandfire:dread_ghoul":7,"born_in_chaos_v1:door_knight":2,"orcz:orcsavage_2sword":2,"orcz:snot":1,"orcz:orcshield":2,"born_in_chaos_v1:siamese_skeletonsleft":3,"minecraft:cow":1,"minecraft:vindicator":1,"quark:toretoise":1,"iceandfire:dread_beast":3,"born_in_chaos_v1:zombie_bruiser":1,"born_in_chaos_v1:maggot":26,"creeperoverhaul:snowy_creeper":1,"iceandfire:dread_knight":1,"iceandfire:dread_thrall":10,"born_in_chaos_v1:corpse_fish":2,"naturalist:bear":1,"iceandfire:cyclops":2,"born_in_chaos_v1:baby_skeleton":1,"born_in_chaos_v1:decrepit_skeleton":1},"minecraft:mined":{"ms:ore/deepslate_uranium":9,"minecraft:spruce_planks":4,"minecraft:white_bed":1,"ms:ore/jet":6,"minecraft:carved_pumpkin":2,"minecraft:granite":4,"biomesoplenty:bramble":1,"ms:ore/turquoise":1,"ms:ore/deepslate_turquoise":6,"minecraft:grass_block":25,"iceandfire:dread_spawner":8,"minecraft:deepslate_bricks":1,"minecraft:spawner":8,"minecraft:smooth_stone":15,"epicsamurai:deepslate_jade_ore":4,"ms:stone/peridotite":3,"minecraft:iron_ore":3,"minecraft:cobbled_deepslate":8,"minecraft:pumpkin":2,"minecraft:light_gray_concrete":34,"ms:ore/deepslate_chromite":1,"iceandfire:dread_stone_bricks_cracked":23,"create:veridium":10,"ms:ore/onyx":4,"ms:ore/ruby":3,"minecraft:red_bed":8,"minecraft:chiseled_quartz_block":24,"minecraft:torch":4,"minecraft:polished_andesite_stairs":1,"minecraft:cobblestone":13,"ms:ore/sapphire":11,"minecraft:iron_door":2,"minecraft:wall_torch":8,"minecraft:repeater":1,"minecraft:light_gray_candle":1,"ms:ore/mithril":4,"minecraft:stone_brick_stairs":2,"minecraft:smooth_stone_slab":4,"iceandfire:dragonforge_ice_input":1,"minecraft:grass":5,"iceandfire:dread_stone_bricks_mossy":9,"minecraft:dirt":13,"minecraft:smooth_quartz":54,"minecraft:sandstone_wall":1,"quark:indigo_corundum_cluster":1,"iceandfire:dread_stone_bricks":34,"minecraft:oak_leaves":2,"minecraft:deepslate":36,"minecraft:redstone_lamp":2,"create:zinc_ore":2,"minecraft:deepslate_tiles":1,"minecraft:tuff":4,"iceandfire:silver_ore":4,"minecraft:mossy_cobblestone":2,"minecraft:deepslate_diamond_ore":2,"ms:ore/tin":7,"biomesoplenty:desert_grass":1,"minecraft:glow_lichen":1,"epicsamurai:deepslate_ruby_ore":1,"minecraft:spruce_fence":1,"minecraft:redstone_wire":1,"minecraft:spruce_leaves":5,"ms:ore/sulfur":1,"ms:ore/salty_sand":1,"ms:plant/grass":1,"iceandfire:dragonforge_ice_brick":5,"ms:ore/amazonite":4,"forbidden_arcanus:deepslate_arcane_crystal_ore":4,"orcz:orcshroom":1,"minecraft:mossy_stone_brick_stairs":2,"minecraft:deepslate_iron_ore":2,"ms:ore/chromite":2,"minecraft:stone":146,"minecraft:light_gray_carpet":3,"minecraft:redstone_block":1,"minecraft:gray_concrete":1,"ms:ore/cobalt":2,"ms:ore/olivine":2,"epicsamurai:deepslate_aquamarine_ore":13,"minecraft:emerald_ore":1,"ms:ore/deepslate_scarlet_emerald":5,"ms:ore/citrine":9,"minecraft:tall_grass":3,"ms:ore/deepslate_white_opal":3,"minecraft:deepslate_gold_ore":2,"ms:ore/deepslate_ruby":1,"minecraft:diorite":23,"minecraft:coarse_dirt":1,"ms:stone/limestone":4,"minecraft:ice":1,"minecraft:spruce_log":38,"ms:ore/deepslate_sulfur":1,"minecraft:birch_leaves":15,"minecraft:coal_ore":25,"minecraft:gravel":4,"minecraft:cobweb":4,"minecraft:cracked_stone_bricks":2,"minecraft:stone_bricks":9,"minecraft:polished_andesite":2,"minecraft:mossy_stone_bricks":4,"epicsamurai:ruby_ore":7}},"DataVersion":3120}