{"stats":{"minecraft:custom":{"minecraft:mob_kills":88,"minecraft:interact_with_crafting_table":13,"minecraft:open_barrel":12,"minecraft:damage_dealt_resisted":110,"minecraft:leave_game":2,"minecraft:time_since_death":20425,"minecraft:sleep_in_bed":2,"minecraft:climb_one_cm":8250,"minecraft:time_since_rest":9639,"minecraft:sprint_one_cm":344620,"minecraft:damage_taken":4121,"minecraft:walk_one_cm":230364,"minecraft:drop":10,"minecraft:damage_dealt":15946,"minecraft:swim_one_cm":13713,"minecraft:fly_one_cm":400981,"minecraft:open_chest":10,"minecraft:crouch_one_cm":8926,"minecraft:play_time":79828,"minecraft:deaths":11,"minecraft:sneak_time":9419,"minecraft:walk_under_water_one_cm":7084,"minecraft:jump":1825,"minecraft:walk_on_water_one_cm":4284,"minecraft:total_world_time":79828,"minecraft:fall_one_cm":37275},"minecraft:picked_up":{"born_in_chaos_v1:corpse_maggot":24,"minecraft:coarse_dirt":1,"minecraft:redstone_block":1,"minecraft:iron_door":2,"minecraft:redstone_lamp":2,"minecraft:chiseled_quartz_block":4,"minecraft:wooden_pickaxe":2,"minecraft:fern":1,"ms:food/salt":2,"minecraft:tuff":2,"minecraft:chainmail_chestplate":1,"minecraft:gunpowder":1,"minecraft:dirt":14,"minecraft:red_bed":5,"minecraft:smooth_stone_slab":2,"minecraft:bone":2,"minecraft:smooth_stone":13,"minecraft:spruce_planks":45,"minecraft:smooth_quartz":3,"minecraft:glass_bottle":1,"minecraft:stick":3,"iceandfire:dragonbone":9,"minecraft:sweet_berries":1,"minecraft:torch":11,"minecraft:spruce_sapling":3,"minecraft:spruce_log":35,"minecraft:mossy_cobblestone":1,"minecraft:barrel":1,"minecraft:spider_eye":1,"iceandfire:dragon_skull_ice":1,"minecraft:light_gray_concrete":3,"minecraft:pumpkin_seeds":1,"minecraft:honey_bottle":1,"minecraft:rotten_flesh":16,"create:veridium":10,"minecraft:spruce_sign":1,"minecraft:bread":12,"minecraft:light_gray_carpet":3,"ms:armor/opal_helmet":1,"minecraft:mutton":1,"forbidden_arcanus:spawner_scrap":4,"minecraft:coal":6,"minecraft:white_wool":1,"minecraft:cobblestone":10},"minecraft:used":{"travelersbackpack:horse":4,"minecraft:stone_pickaxe":17,"minecraft:polished_andesite":2,"iceandfire:dragon_skull_ice":1,"minecraft:spruce_planks":15,"minecraft:wooden_pickaxe":6,"minecraft:rotten_flesh":3,"minecraft:white_wool":1,"minecraft:torch":16,"minecraft:mossy_cobblestone":1,"minecraft:dirt":13,"minecraft:mutton":1,"minecraft:crafting_table":4,"minecraft:red_bed":5,"minecraft:chainmail_chestplate":1,"minecraft:carrot":6,"minecraft:tuff":2,"minecraft:spruce_log":1,"born_in_chaos_v1:corpse_maggot":27,"minecraft:wooden_axe":115,"minecraft:light_gray_concrete":3,"minecraft:bread":13,"minecraft:iron_pickaxe":53,"minecraft:barrel":1,"minecraft:stone_axe":61,"minecraft:diamond_sword":168,"minecraft:cobblestone":1,"minecraft:coarse_dirt":1},"minecraft:killed_by":{"minecraft:player":1,"minecraft:stray":1,"minecraft:creeper":1,"minecraft:witch":1,"minecraft:zombie":5,"born_in_chaos_v1:corpse_fly":1},"minecraft:mined":{"minecraft:light_gray_carpet":3,"minecraft:tuff":2,"minecraft:spruce_planks":4,"minecraft:redstone_block":1,"minecraft:red_bed":4,"minecraft:mossy_cobblestone":2,"minecraft:chiseled_quartz_block":4,"minecraft:torch":3,"minecraft:grass_block":11,"minecraft:polished_andesite_stairs":1,"minecraft:tall_grass":1,"minecraft:cobblestone":5,"minecraft:spruce_leaves":3,"ms:ore/salty_sand":1,"minecraft:iron_door":2,"minecraft:wall_torch":7,"minecraft:spawner":5,"minecraft:smooth_stone":15,"minecraft:coarse_dirt":1,"minecraft:ice":1,"minecraft:spruce_log":33,"minecraft:smooth_stone_slab":3,"minecraft:coal_ore":8,"minecraft:smooth_quartz":3,"minecraft:light_gray_concrete":3,"minecraft:dirt":3,"minecraft:stone":6,"minecraft:polished_andesite":2,"create:veridium":10,"minecraft:redstone_lamp":2},"minecraft:crafted":{"minecraft:diamond_sword":1,"minecraft:crafting_table":4,"minecraft:spruce_planks":68,"minecraft:stone_axe":1,"minecraft:stick":16,"minecraft:stone_pickaxe":1,"minecraft:iron_pickaxe":1,"minecraft:wooden_axe":4,"minecraft:torch":4},"minecraft:broken":{"minecraft:wooden_axe":3},"minecraft:killed":{"minecraft:witch":1,"born_in_chaos_v1:maggot":17,"minecraft:sheep":1,"minecraft:skeleton":1,"minecraft:pillager":5,"minecraft:zombie":45,"born_in_chaos_v1:corpse_fly":17},"minecraft:dropped":{"minecraft:stone_axe":1,"minecraft:rotten_flesh":4,"minecraft:pumpkin_seeds":1,"aether:chainmail_gloves":1,"minecraft:wooden_pickaxe":1,"minecraft:iron_pickaxe":2}},"DataVersion":3120}