{"stats":{"minecraft:broken":{"ms:armor/glass_boots":1,"ms:armor/glass_legs":1,"aether:chainmail_gloves":1},"minecraft:crafted":{"minecraft:stone_shovel":1,"minecraft:stone_pickaxe":2,"ms:chest/spruce":1,"ms:gem/silver_ingot":2,"minecraft:crafting_table":3,"minecraft:spruce_planks":292,"minecraft:wooden_pickaxe":3,"ms:gem/tin_ingot":3,"minecraft:stone_axe":2,"minecraft:air":0,"minecraft:stick":32,"minecraft:iron_ingot":6,"minecraft:wooden_axe":2,"minecraft:stone_sword":1,"ms:tool/silver_sword":1,"iceandfire:silver_pickaxe":1},"minecraft:custom":{"minecraft:mob_kills":24,"minecraft:interact_with_crafting_table":12,"minecraft:open_barrel":32,"minecraft:damage_dealt_resisted":595,"minecraft:eat_cake_slice":6,"minecraft:leave_game":3,"minecraft:time_since_death":6048,"minecraft:climb_one_cm":17792,"minecraft:sprint_one_cm":309714,"minecraft:walk_one_cm":384738,"minecraft:drop":49,"minecraft:play_noteblock":2,"minecraft:play_time":140998,"minecraft:deaths":34,"minecraft:sneak_time":9382,"minecraft:walk_under_water_one_cm":2714,"minecraft:jump":3530,"minecraft:interact_with_brewingstand":1,"minecraft:interact_with_blast_furnace":1,"minecraft:walk_on_water_one_cm":7211,"minecraft:total_world_time":140998,"minecraft:interact_with_furnace":9,"minecraft:sleep_in_bed":4,"minecraft:time_since_rest":6070,"minecraft:damage_taken":10072,"minecraft:damage_absorbed":40,"minecraft:damage_dealt":8186,"minecraft:player_kills":5,"minecraft:swim_one_cm":9444,"minecraft:fly_one_cm":702463,"minecraft:crouch_one_cm":24800,"minecraft:open_chest":26,"minecraft:interact_with_smoker":2,"minecraft:fall_one_cm":102078,"minecraft:inspect_dispenser":2},"minecraft:killed_by":{"minecraft:player":6,"minecraft:stray":1,"minecraft:creeper":1,"minecraft:spider":1,"minecraft:pillager":1,"alexsmobs:snow_leopard":1,"born_in_chaos_v1:corpse_fly":1,"iceandfire:dread_ghoul":2,"minecraft:skeleton":3,"minecraft:zombie":12,"minecraft:illusioner":1},"minecraft:picked_up":{"minecraft:wooden_axe":2,"iceandfire:dread_stone_bricks":1,"minecraft:crafting_table":6,"minecraft:redstone_block":1,"minecraft:brown_mushroom":1,"minecraft:stone_brick_stairs":1,"ms:tool/uranium_sword":1,"forbidden_arcanus:xpetrified_orb":3,"minecraft:string":1,"minecraft:red_bed":13,"minecraft:smooth_stone_slab":5,"ms:gem/citrine":1,"born_in_chaos_v1:intoxicating_decoction":1,"minecraft:armor_stand":2,"quark:indigo_corundum":1,"ms:armor/glass_legs":1,"travelersbackpack:horse":1,"minecraft:cobbled_deepslate":3,"minecraft:smooth_stone":2,"ms:gem/sapphire":3,"minecraft:spruce_planks":6,"ms:gem/potassium_nitrate":22,"born_in_chaos_v1:gnawed_bones":1,"minecraft:smooth_quartz":6,"minecraft:iron_pickaxe":2,"ms:armor/glass_chest":1,"minecraft:sugar_cane":3,"minecraft:chest":1,"minecraft:furnace":3,"ms:armor/glass_boots":1,"minecraft:stick":6,"minecraft:raw_iron":14,"ms:armor/glass_helmet":1,"minecraft:torch":6,"ms:ore/cobalt":1,"iceandfire:silver_ore":2,"minecraft:sandstone_wall":1,"ms:gem/silver_ingot":2,"minecraft:diorite":3,"born_in_chaos_v1:pieceofdarkmetal":1,"ms:tool/uranium_pickaxe":1,"ms:tool/steel_sword":1,"ms:ore/tin":3,"minecraft:dark_oak_planks":7,"iceandfire:dragon_skull_ice":1,"ms:ore/silver":4,"iceandfire:silver_ingot":1,"minecraft:stone_sword":1,"minecraft:arrow":10,"ms:record/vitality":1,"minecraft:rotten_flesh":33,"aether:chainmail_gloves":1,"quark:indigo_corundum_cluster":1,"ms:gem/amazonite":1,"ms:ore/chromite":2,"ms:stone/peridotite":4,"forbidden_arcanus:spawner_scrap":1,"minecraft:cobblestone":60,"born_in_chaos_v1:fused_bone":1,"born_in_chaos_v1:corpse_maggot":11,"minecraft:repeater":1,"ms:armor/bronze_helmet":1,"minecraft:chiseled_quartz_block":1,"minecraft:tuff":1,"create:raw_zinc":2,"minecraft:oak_log":2,"ms:gem/sulfur":8,"ms:gem/ruby":1,"minecraft:lapis_lazuli":48,"minecraft:gray_concrete":1,"minecraft:dirt":8,"ms:gem/opal":1,"minecraft:bone":33,"minecraft:stone_bricks":1,"minecraft:stonecutter":2,"minecraft:orange_tulip":1,"minecraft:wheat_seeds":1,"ms:stone/marble":14,"minecraft:raw_gold":4,"minecraft:iron_ingot":1,"ms:gem/tin_ingot":1,"ms:gem/scarlet_emerald":2,"minecraft:book":12,"quark:light_gray_shard":10,"minecraft:polished_andesite_stairs":1,"ms:gem/olivine":3,"minecraft:spruce_sapling":10,"ms:ore/mithril":5,"minecraft:dead_bush":3,"minecraft:spruce_log":72,"ms:gem/uranium":1,"minecraft:mossy_cobblestone":1,"iceandfire:silver_pickaxe":1,"forbidden_arcanus:arcane_crystal":6,"minecraft:light_gray_concrete":2,"minecraft:polished_andesite":4,"minecraft:pumpkin_seeds":1,"biomesoplenty:bramble":1,"minecraft:diamond":3,"minecraft:stone_axe":2,"iceandfire:dread_stone_bricks_mossy":1,"minecraft:crossbow":1,"minecraft:granite":9,"ms:gem/jet":10,"minecraft:coal":10},"minecraft:dropped":{"minecraft:iron_ingot":6,"minecraft:bread":12,"minecraft:glass_bottle":2,"minecraft:orange_tulip":1,"forbidden_arcanus:xpetrified_orb":3,"ms:gem/jet":5,"minecraft:red_bed":3,"ms:gem/sapphire":3,"minecraft:torch":2,"minecraft:wooden_axe":2,"ms:tool/silver_sword":1,"born_in_chaos_v1:fused_bone":1,"ms:gem/olivine":3,"minecraft:string":1,"ms:gem/ruby":1,"ms:gem/silver_ingot":2,"ms:gem/tin_ingot":1,"minecraft:stone_axe":1,"minecraft:stone_sword":2,"minecraft:rotten_flesh":7,"minecraft:honey_bottle":1,"minecraft:chainmail_chestplate":1,"ms:gem/scarlet_emerald":1,"minecraft:spruce_planks":9,"ms:ore/mithril":4,"iceandfire:silver_ingot":1,"forbidden_arcanus:arcane_crystal":3,"minecraft:arrow":1,"minecraft:wooden_pickaxe":1,"iceandfire:silver_pickaxe":1},"minecraft:used":{"quark:indigo_corundum":1,"minecraft:stone_sword":131,"ms:tool/steel_sword":43,"minecraft:armor_stand":2,"born_in_chaos_v1:intoxicating_decoction":1,"minecraft:spruce_planks":174,"minecraft:iron_sword":24,"quark:indigo_corundum_cluster":1,"biomesoplenty:bramble":1,"minecraft:sandstone_wall":1,"minecraft:rotten_flesh":9,"minecraft:iron_chestplate":1,"minecraft:torch":16,"minecraft:dirt":7,"minecraft:chainmail_chestplate":1,"minecraft:carrot":2,"minecraft:tuff":1,"minecraft:granite":9,"minecraft:honey_bottle":2,"minecraft:iron_hoe":2,"born_in_chaos_v1:corpse_maggot":7,"minecraft:wooden_axe":36,"minecraft:iron_axe":68,"minecraft:polished_andesite_stairs":1,"minecraft:smooth_quartz":6,"born_in_chaos_v1:gnawed_bones":1,"minecraft:stone_brick_stairs":1,"ms:ore/chromite":2,"ms:stone/peridotite":4,"minecraft:redstone_lamp":1,"minecraft:sweet_berries":3,"minecraft:furnace":2,"minecraft:potato":9,"minecraft:cobbled_deepslate":1,"minecraft:diorite":3,"minecraft:stone_pickaxe":36,"minecraft:polished_andesite":1,"ms:stone/marble":14,"minecraft:wooden_pickaxe":26,"iceandfire:dread_stone_bricks":1,"minecraft:stonecutter":1,"minecraft:golden_apple":1,"minecraft:mossy_cobblestone":1,"minecraft:crafting_table":7,"minecraft:red_bed":8,"iceandfire:dread_stone_bricks_mossy":1,"minecraft:chiseled_quartz_block":1,"minecraft:gray_concrete":1,"ms:tool/uranium_pickaxe":3,"minecraft:spruce_log":3,"minecraft:pumpkin_seeds":1,"iceandfire:silver_pickaxe":133,"ms:chest/spruce":1,"minecraft:redstone_torch":1,"minecraft:oak_log":2,"minecraft:light_gray_concrete":2,"minecraft:bread":7,"minecraft:iron_pickaxe":17,"minecraft:stone_axe":15,"minecraft:spruce_sapling":9,"minecraft:cobblestone":40,"minecraft:smooth_stone_slab":5,"minecraft:smooth_stone":2},"minecraft:killed":{"born_in_chaos_v1:zombie_clown":1,"minecraft:spider":1,"alexsmobs:snow_leopard":1,"born_in_chaos_v1:zombie_bruiser":2,"born_in_chaos_v1:maggot":2,"minecraft:skeleton":7,"epicsamurai:enenra":1,"minecraft:pillager":1,"minecraft:zombie":1,"born_in_chaos_v1:corpse_fly":4,"iceandfire:dread_ghoul":1},"minecraft:mined":{"minecraft:dark_oak_planks":7,"ms:ore/deepslate_uranium":1,"create:deepslate_zinc_ore":6,"minecraft:spruce_planks":6,"iceandfire:silver_ore":2,"minecraft:deepslate_diamond_ore":1,"ms:ore/tin":3,"minecraft:granite":8,"biomesoplenty:bramble":1,"minecraft:grass_block":5,"minecraft:spruce_leaves":20,"ms:ore/sulfur":1,"ms:stone/marble":18,"minecraft:large_fern":1,"minecraft:black_stained_glass_pane":2,"ms:ore/potassium_nitrate":5,"ms:ore/amazonite":2,"forbidden_arcanus:deepslate_arcane_crystal_ore":3,"minecraft:furnace":3,"minecraft:iron_ore":12,"minecraft:barrel":1,"minecraft:bookshelf":4,"ms:ore/opal":1,"minecraft:light_gray_concrete":1,"quark:indigo_corundum":1,"ms:ore/chromite":2,"iceandfire:dread_stone_bricks_cracked":1,"minecraft:stone":63,"ms:ore/ruby":1,"minecraft:deepslate_redstone_ore":3,"minecraft:redstone_block":1,"minecraft:brown_mushroom":1,"minecraft:red_bed":12,"minecraft:crafting_table":6,"minecraft:torch":2,"ms:ore/deepslate_scarlet_emerald":1,"minecraft:chest":1,"ms:ore/citrine":1,"minecraft:cobblestone":2,"minecraft:deepslate_gold_ore":2,"minecraft:lapis_ore":7,"minecraft:sugar_cane":1,"ms:ore/sapphire":2,"minecraft:diorite":5,"minecraft:wall_torch":4,"ms:ore/silver":4,"minecraft:repeater":1,"ms:stone/limestone":1,"forbidden_arcanus:xpetrified_ore":1,"ms:ore/mithril":7,"minecraft:light_gray_stained_glass":4,"minecraft:ice":3,"minecraft:spruce_log":72,"minecraft:stone_brick_stairs":1,"minecraft:smooth_stone_slab":3,"iceandfire:dread_stone_bricks_mossy":1,"minecraft:grass":5,"minecraft:coal_ore":10,"minecraft:smooth_quartz":2,"minecraft:dirt":3,"minecraft:sandstone_wall":1,"minecraft:polished_andesite":2,"minecraft:stonecutter":2,"minecraft:stone_bricks":2,"iceandfire:dread_stone_bricks":2,"minecraft:deepslate":6,"minecraft:fern":2,"minecraft:redstone_lamp":1}},"DataVersion":3120}