{"stats":{"minecraft:crafted":{"minecraft:stone_shovel":1,"minecraft:crafting_table":2,"minecraft:spruce_planks":160,"minecraft:wooden_pickaxe":2,"minecraft:stone_axe":1,"minecraft:stick":20,"minecraft:stone_pickaxe":1,"minecraft:wooden_axe":2},"minecraft:custom":{"minecraft:interact_with_furnace":1,"minecraft:mob_kills":4,"minecraft:interact_with_crafting_table":4,"minecraft:open_barrel":14,"minecraft:leave_game":1,"minecraft:time_since_death":1052,"minecraft:sleep_in_bed":1,"minecraft:time_since_rest":1086,"minecraft:damage_absorbed":40,"minecraft:sprint_one_cm":176492,"minecraft:damage_taken":5932,"minecraft:walk_one_cm":164824,"minecraft:drop":5,"minecraft:damage_dealt":2483,"minecraft:swim_one_cm":8021,"minecraft:fly_one_cm":416296,"minecraft:player_kills":1,"minecraft:open_chest":13,"minecraft:crouch_one_cm":8189,"minecraft:play_time":56965,"minecraft:deaths":19,"minecraft:sneak_time":3481,"minecraft:walk_under_water_one_cm":2303,"minecraft:jump":1880,"minecraft:interact_with_brewingstand":1,"minecraft:interact_with_blast_furnace":1,"minecraft:walk_on_water_one_cm":4603,"minecraft:total_world_time":56965,"minecraft:interact_with_smoker":2,"minecraft:fall_one_cm":50083},"minecraft:killed_by":{"minecraft:skeleton":2,"minecraft:stray":1,"minecraft:spider":1,"minecraft:zombie":12,"minecraft:pillager":1},"minecraft:picked_up":{"minecraft:wooden_axe":2,"born_in_chaos_v1:corpse_maggot":5,"minecraft:crafting_table":3,"minecraft:brown_mushroom":1,"minecraft:dirt":5,"minecraft:red_bed":5,"minecraft:smooth_stone_slab":2,"minecraft:bone":1,"minecraft:stone_bricks":1,"travelersbackpack:horse":1,"minecraft:wheat_seeds":1,"minecraft:smooth_stone":2,"minecraft:spruce_planks":2,"minecraft:iron_ingot":1,"minecraft:iron_pickaxe":2,"minecraft:sugar_cane":3,"minecraft:chest":1,"minecraft:book":12,"minecraft:polished_andesite_stairs":1,"minecraft:stick":3,"minecraft:raw_iron":4,"minecraft:spruce_sapling":5,"minecraft:diorite":3,"minecraft:dead_bush":3,"minecraft:spruce_log":39,"minecraft:mossy_cobblestone":1,"minecraft:dark_oak_planks":7,"minecraft:polished_andesite":4,"minecraft:rotten_flesh":26,"minecraft:stone_axe":1,"minecraft:crossbow":1,"minecraft:granite":4,"forbidden_arcanus:spawner_scrap":1,"minecraft:cobblestone":13},"minecraft:dropped":{"minecraft:bread":12,"minecraft:red_bed":2,"minecraft:wooden_axe":2},"minecraft:used":{"minecraft:diorite":3,"minecraft:stone_sword":23,"minecraft:polished_andesite":1,"minecraft:spruce_planks":107,"minecraft:wooden_pickaxe":13,"minecraft:iron_sword":24,"minecraft:rotten_flesh":7,"minecraft:iron_chestplate":1,"minecraft:torch":5,"minecraft:golden_apple":1,"minecraft:mossy_cobblestone":1,"minecraft:dirt":4,"minecraft:crafting_table":4,"minecraft:red_bed":1,"minecraft:carrot":2,"minecraft:granite":4,"minecraft:spruce_log":3,"born_in_chaos_v1:corpse_maggot":1,"minecraft:wooden_axe":36,"minecraft:bread":7,"minecraft:iron_pickaxe":17,"minecraft:polished_andesite_stairs":1,"minecraft:spruce_sapling":4,"minecraft:stone_axe":13,"minecraft:cobblestone":1,"minecraft:sweet_berries":3,"minecraft:smooth_stone_slab":2,"minecraft:potato":9,"minecraft:smooth_stone":2},"minecraft:killed":{"minecraft:zombie":1,"born_in_chaos_v1:corpse_fly":1},"minecraft:mined":{"minecraft:dark_oak_planks":7,"minecraft:spruce_planks":2,"minecraft:brown_mushroom":1,"minecraft:red_bed":4,"minecraft:crafting_table":3,"minecraft:torch":1,"minecraft:granite":4,"minecraft:grass_block":2,"minecraft:chest":1,"minecraft:cobblestone":2,"minecraft:spruce_leaves":13,"minecraft:sugar_cane":1,"minecraft:diorite":3,"minecraft:large_fern":1,"minecraft:iron_ore":4,"minecraft:barrel":1,"minecraft:ice":2,"minecraft:spruce_log":38,"minecraft:stone_brick_stairs":1,"minecraft:grass":1,"minecraft:bookshelf":4,"minecraft:dirt":3,"minecraft:polished_andesite":2,"minecraft:stone_bricks":2,"minecraft:stone":11,"minecraft:fern":2}},"DataVersion":3120}