{"stats":{"minecraft:custom":{"minecraft:mob_kills":17,"minecraft:interact_with_crafting_table":6,"minecraft:open_barrel":28,"minecraft:damage_dealt_resisted":595,"minecraft:eat_cake_slice":6,"minecraft:leave_game":2,"minecraft:time_since_death":8171,"minecraft:climb_one_cm":17792,"minecraft:sprint_one_cm":227409,"minecraft:walk_one_cm":254827,"minecraft:drop":13,"minecraft:play_noteblock":2,"minecraft:play_time":86223,"minecraft:deaths":22,"minecraft:sneak_time":5653,"minecraft:walk_under_water_one_cm":2303,"minecraft:jump":2401,"minecraft:interact_with_brewingstand":1,"minecraft:interact_with_blast_furnace":1,"minecraft:walk_on_water_one_cm":4603,"minecraft:total_world_time":86223,"minecraft:interact_with_furnace":2,"minecraft:sleep_in_bed":2,"minecraft:time_since_rest":8200,"minecraft:damage_taken":7051,"minecraft:damage_absorbed":40,"minecraft:damage_dealt":4957,"minecraft:swim_one_cm":8021,"minecraft:fly_one_cm":494662,"minecraft:player_kills":1,"minecraft:open_chest":22,"minecraft:crouch_one_cm":14742,"minecraft:interact_with_smoker":2,"minecraft:fall_one_cm":66781,"minecraft:inspect_dispenser":2},"minecraft:picked_up":{"minecraft:wooden_axe":2,"minecraft:crafting_table":4,"minecraft:redstone_block":1,"minecraft:brown_mushroom":1,"minecraft:red_bed":7,"minecraft:smooth_stone_slab":5,"travelersbackpack:horse":1,"minecraft:smooth_stone":2,"minecraft:spruce_planks":4,"born_in_chaos_v1:gnawed_bones":1,"minecraft:iron_pickaxe":2,"minecraft:smooth_quartz":6,"minecraft:sugar_cane":3,"minecraft:chest":1,"minecraft:furnace":2,"minecraft:stick":3,"minecraft:raw_iron":4,"minecraft:torch":1,"minecraft:sandstone_wall":1,"minecraft:diorite":3,"born_in_chaos_v1:pieceofdarkmetal":1,"minecraft:dark_oak_planks":7,"iceandfire:dragon_skull_ice":1,"minecraft:arrow":9,"minecraft:rotten_flesh":33,"aether:chainmail_gloves":1,"forbidden_arcanus:spawner_scrap":1,"minecraft:cobblestone":26,"born_in_chaos_v1:corpse_maggot":11,"minecraft:repeater":1,"minecraft:chiseled_quartz_block":1,"minecraft:oak_log":2,"minecraft:gray_concrete":1,"minecraft:dirt":8,"minecraft:bone":13,"minecraft:stone_bricks":1,"minecraft:stonecutter":2,"minecraft:wheat_seeds":1,"minecraft:iron_ingot":1,"quark:light_gray_shard":10,"minecraft:book":12,"minecraft:polished_andesite_stairs":1,"minecraft:spruce_sapling":5,"minecraft:spruce_log":52,"minecraft:dead_bush":3,"minecraft:mossy_cobblestone":1,"minecraft:light_gray_concrete":2,"minecraft:polished_andesite":4,"minecraft:pumpkin_seeds":1,"minecraft:stone_axe":2,"minecraft:crossbow":1,"minecraft:granite":4},"minecraft:used":{"minecraft:stone_sword":103,"minecraft:spruce_planks":134,"minecraft:iron_sword":24,"minecraft:sandstone_wall":1,"minecraft:rotten_flesh":9,"minecraft:iron_chestplate":1,"minecraft:torch":9,"minecraft:dirt":7,"minecraft:chainmail_chestplate":1,"minecraft:carrot":2,"minecraft:granite":4,"minecraft:honey_bottle":2,"minecraft:iron_hoe":2,"born_in_chaos_v1:corpse_maggot":6,"minecraft:wooden_axe":36,"minecraft:iron_axe":25,"minecraft:polished_andesite_stairs":1,"minecraft:smooth_quartz":6,"minecraft:redstone_lamp":1,"minecraft:sweet_berries":3,"minecraft:potato":9,"minecraft:diorite":3,"minecraft:polished_andesite":1,"minecraft:stone_pickaxe":19,"minecraft:wooden_pickaxe":26,"minecraft:stonecutter":1,"minecraft:golden_apple":1,"minecraft:mossy_cobblestone":1,"minecraft:crafting_table":5,"minecraft:red_bed":3,"minecraft:chiseled_quartz_block":1,"minecraft:gray_concrete":1,"minecraft:spruce_log":3,"minecraft:pumpkin_seeds":1,"minecraft:redstone_torch":1,"minecraft:light_gray_concrete":2,"minecraft:bread":7,"minecraft:iron_pickaxe":17,"minecraft:spruce_sapling":4,"minecraft:stone_axe":15,"minecraft:cobblestone":6,"minecraft:smooth_stone_slab":5,"minecraft:smooth_stone":2},"minecraft:killed_by":{"minecraft:stray":1,"minecraft:spider":1,"minecraft:pillager":1,"born_in_chaos_v1:corpse_fly":1,"minecraft:skeleton":3,"minecraft:zombie":12},"minecraft:mined":{"minecraft:dark_oak_planks":7,"minecraft:spruce_planks":4,"minecraft:granite":4,"minecraft:grass_block":5,"minecraft:spruce_leaves":13,"minecraft:large_fern":1,"minecraft:black_stained_glass_pane":2,"minecraft:furnace":2,"minecraft:iron_ore":4,"minecraft:barrel":1,"minecraft:bookshelf":4,"minecraft:light_gray_concrete":1,"minecraft:stone":24,"minecraft:redstone_block":1,"minecraft:brown_mushroom":1,"minecraft:red_bed":6,"minecraft:crafting_table":4,"minecraft:torch":1,"minecraft:chest":1,"minecraft:cobblestone":2,"minecraft:sugar_cane":1,"minecraft:diorite":3,"minecraft:repeater":1,"minecraft:light_gray_stained_glass":4,"minecraft:ice":3,"minecraft:spruce_log":51,"minecraft:smooth_stone_slab":3,"minecraft:stone_brick_stairs":1,"minecraft:grass":2,"minecraft:smooth_quartz":2,"minecraft:dirt":3,"minecraft:sandstone_wall":1,"minecraft:stone_bricks":2,"minecraft:stonecutter":2,"minecraft:polished_andesite":2,"minecraft:redstone_lamp":1,"minecraft:fern":2},"minecraft:crafted":{"minecraft:stone_shovel":1,"minecraft:stone_pickaxe":2,"minecraft:crafting_table":3,"minecraft:spruce_planks":212,"minecraft:wooden_pickaxe":3,"minecraft:stone_axe":2,"minecraft:stick":28,"minecraft:wooden_axe":2,"minecraft:stone_sword":1},"minecraft:broken":{"aether:chainmail_gloves":1},"minecraft:killed":{"minecraft:spider":1,"born_in_chaos_v1:zombie_bruiser":1,"born_in_chaos_v1:maggot":1,"minecraft:skeleton":6,"minecraft:zombie":1,"born_in_chaos_v1:corpse_fly":4},"minecraft:dropped":{"minecraft:bread":12,"minecraft:glass_bottle":1,"minecraft:red_bed":2,"minecraft:torch":1,"minecraft:wooden_axe":2,"minecraft:stone_axe":1,"minecraft:honey_bottle":1,"minecraft:chainmail_chestplate":1,"minecraft:spruce_planks":9,"minecraft:arrow":1,"minecraft:wooden_pickaxe":1}},"DataVersion":3120}