{"stats":{"minecraft:broken":{"ms:armor/glass_legs":1,"aether:chainmail_gloves":1,"ms:armor/glass_boots":1,"aether:iron_gloves":1,"ms:armor/white_opal_boots":1},"minecraft:crafted":{"minecraft:oak_planks":44,"ms:tool/silver_axe":1,"minecraft:cooked_mutton":35,"iceandfire:armor_silver_metal_leggings":1,"ms:armor/sapphire_helmet":1,"ms:chest/spruce":1,"minecraft:crafting_table":5,"minecraft:spruce_planks":348,"minecraft:wooden_pickaxe":3,"minecraft:stick":32,"minecraft:iron_ingot":21,"minecraft:stone_sword":1,"minecraft:gold_ingot":51,"minecraft:stone_shovel":1,"minecraft:furnace":2,"minecraft:bone_meal":27,"minecraft:spruce_slab":6,"minecraft:stone_pickaxe":2,"iceandfire:armor_silver_metal_boots":1,"iceandfire:silver_ingot":4,"ms:gem/silver_ingot":2,"ms:gem/tin_ingot":3,"minecraft:stone_axe":2,"minecraft:air":0,"minecraft:wooden_axe":2,"minecraft:white_bed":1,"ms:tool/silver_sword":1,"minecraft:torch":8,"iceandfire:silver_pickaxe":2,"ms:armor/silver_chest":1},"minecraft:custom":{"minecraft:interact_with_crafting_table":32,"minecraft:open_barrel":43,"minecraft:eat_cake_slice":6,"minecraft:leave_game":4,"minecraft:time_since_death":9477,"minecraft:sprint_one_cm":504359,"minecraft:drop":122,"minecraft:play_noteblock":2,"minecraft:play_time":254777,"minecraft:deaths":49,"minecraft:jump":5776,"minecraft:interact_with_brewingstand":1,"minecraft:walk_on_water_one_cm":45222,"minecraft:interact_with_furnace":33,"minecraft:sleep_in_bed":9,"minecraft:damage_dealt":22051,"minecraft:player_kills":5,"minecraft:crouch_one_cm":47275,"minecraft:interact_with_smoker":2,"minecraft:inspect_dispenser":2,"minecraft:mob_kills":84,"minecraft:damage_dealt_resisted":727,"minecraft:climb_one_cm":19106,"minecraft:walk_one_cm":593188,"minecraft:sneak_time":19895,"minecraft:walk_under_water_one_cm":12052,"minecraft:interact_with_blast_furnace":1,"minecraft:total_world_time":254777,"minecraft:time_since_rest":9518,"minecraft:damage_taken":18427,"minecraft:damage_absorbed":40,"minecraft:swim_one_cm":51975,"minecraft:fly_one_cm":1089540,"minecraft:open_chest":97,"minecraft:fall_one_cm":158644},"minecraft:killed_by":{"iceandfire:cyclops":8,"minecraft:creeper":1,"minecraft:pillager":1,"alexsmobs:snow_leopard":1,"born_in_chaos_v1:corpse_fly":1,"iceandfire:dread_ghoul":3,"iceandfire:sea_serpent":1,"minecraft:vindicator":1,"minecraft:zombie":12,"born_in_chaos_v1:dire_hound_leader":1,"minecraft:illusioner":1,"minecraft:player":6,"iceandfire:dread_scuttler":2,"minecraft:stray":1,"minecraft:spider":1,"iceandfire:dread_knight":1,"minecraft:skeleton":3},"minecraft:picked_up":{"minecraft:wooden_axe":2,"iceandfire:dread_stone_bricks":18,"minecraft:redstone_block":1,"minecraft:yellow_wool":1,"minecraft:diamond_sword":1,"minecraft:stone_brick_stairs":1,"forbidden_arcanus:xpetrified_orb":3,"minecraft:string":1,"minecraft:smooth_stone_slab":5,"ms:gem/citrine":1,"minecraft:armor_stand":3,"ms:armor/glass_legs":2,"minecraft:cobbled_deepslate":37,"minecraft:gold_nugget":458,"minecraft:smooth_stone":5,"minecraft:spruce_planks":72,"iceandfire:dragonforge_ice_brick":1,"minecraft:smooth_quartz":6,"minecraft:iron_pickaxe":2,"ms:armor/glass_chest":2,"ms:record/any_key":1,"minecraft:furnace":7,"minecraft:stick":8,"born_in_chaos_v1:shattered_skull":1,"minecraft:torch":34,"ms:ore/cobalt":1,"iceandfire:silver_ore":6,"iceandfire:dread_torch":1,"minecraft:sandstone_wall":1,"ms:tool/aquamarine_sword":1,"minecraft:diorite":8,"ms:tool/uranium_pickaxe":1,"ms:tool/steel_sword":1,"ms:ore/tin":3,"ms:record/vitality":1,"minecraft:stone_sword":1,"minecraft:rotten_flesh":52,"aether:chainmail_gloves":1,"ms:stone/peridotite":4,"minecraft:cobblestone":162,"minecraft:birch_log":2,"minecraft:repeater":1,"minecraft:andesite":4,"minecraft:chiseled_quartz_block":1,"minecraft:tuff":1,"create:raw_zinc":4,"minecraft:gray_concrete":1,"minecraft:lapis_lazuli":48,"minecraft:dirt":19,"ms:gem/opal":1,"minecraft:bone":46,"minecraft:stonecutter":2,"minecraft:orange_tulip":1,"minecraft:wheat_seeds":2,"ms:stone/marble":14,"minecraft:raw_gold":9,"minecraft:mossy_stone_bricks":3,"minecraft:glowstone_dust":1,"minecraft:oak_planks":9,"ms:gem/tin_ingot":4,"ms:food/light_blue_tulip_seeds":1,"ms:ore/mithril":5,"minecraft:dead_bush":3,"minecraft:mossy_cobblestone":1,"iceandfire:dragon_bone_block":3,"minecraft:light_gray_concrete":2,"minecraft:polished_andesite":4,"minecraft:diamond":3,"iceandfire:dread_stone_bricks_mossy":6,"minecraft:crossbow":1,"minecraft:granite":11,"minecraft:emerald":1,"minecraft:bread":65,"alexsmobs:maggot":2,"minecraft:oak_sapling":9,"born_in_chaos_v1:rotten_fish":2,"minecraft:crafting_table":11,"ms:stone/limestone":5,"minecraft:brown_mushroom":1,"ms:tool/copper_sword":1,"minecraft:red_bed":17,"ms:tool/uranium_sword":2,"born_in_chaos_v1:intoxicating_decoction":1,"quark:indigo_corundum":1,"minecraft:cracked_stone_bricks":1,"travelersbackpack:horse":1,"ms:gem/sapphire":3,"iceandfire:dread_shard":3,"born_in_chaos_v1:gnawed_bones":1,"ms:gem/potassium_nitrate":22,"ms:food/light_grey_tulip_seeds":1,"minecraft:spruce_slab":3,"minecraft:sugar_cane":3,"minecraft:chest":1,"ms:armor/glass_boots":2,"minecraft:raw_iron":29,"ms:armor/white_opal_boots":1,"ms:armor/glass_helmet":2,"ms:gem/silver_ingot":2,"born_in_chaos_v1:pieceofdarkmetal":2,"minecraft:redstone":1,"minecraft:dark_oak_planks":7,"iceandfire:dragon_skull_ice":1,"ms:ore/silver":4,"iceandfire:silver_ingot":10,"minecraft:arrow":10,"iceandfire:cyclops_eye":1,"minecraft:shears":1,"ms:ore/deepslate_turquoise":2,"born_in_chaos_v1:spiny_shell":2,"quark:indigo_corundum_cluster":1,"minecraft:gold_ingot":9,"ms:gem/amazonite":1,"ms:ore/chromite":2,"minecraft:mutton":24,"minecraft:skeleton_skull":4,"forbidden_arcanus:spawner_scrap":1,"minecraft:white_wool":16,"born_in_chaos_v1:fused_bone":1,"born_in_chaos_v1:corpse_maggot":17,"ms:armor/bronze_helmet":1,"minecraft:leather":7,"minecraft:oak_log":13,"ms:gem/sulfur":8,"iceandfire:dread_stone_bricks_cracked":24,"minecraft:yellow_bed":2,"ms:gem/ruby":3,"iceandfire:dragonarmor_iron_head":2,"minecraft:stone_bricks":12,"minecraft:iron_ingot":1,"minecraft:glass_bottle":4,"ms:nature/silverbell_sapling":1,"minecraft:book":12,"quark:light_gray_shard":10,"ms:gem/scarlet_emerald":2,"minecraft:polished_andesite_stairs":1,"ms:gem/olivine":3,"minecraft:gravel":3,"minecraft:spruce_sapling":10,"minecraft:spruce_log":87,"minecraft:spider_eye":11,"forbidden_arcanus:arcane_crystal":6,"ms:gem/uranium":1,"iceandfire:silver_pickaxe":1,"minecraft:pumpkin_seeds":1,"biomesoplenty:bramble":1,"minecraft:stone_axe":2,"ms:gem/jet":10,"minecraft:black_wool":1,"minecraft:coal":16},"minecraft:dropped":{"ms:food/light_blue_tulip_seeds":1,"minecraft:lapis_lazuli":48,"minecraft:glass_bottle":6,"ms:food/light_grey_tulip_seeds":1,"minecraft:orange_tulip":1,"minecraft:leather":7,"minecraft:iron_horse_armor":1,"ms:gem/potassium_nitrate":22,"born_in_chaos_v1:pieceofdarkmetal":2,"minecraft:red_bed":3,"ms:gem/sapphire":3,"ms:gem/amazonite":3,"ms:tool/silver_sword":1,"ms:gem/opal":1,"ms:gem/olivine":3,"iceandfire:dread_shard":9,"minecraft:bone":2,"ms:gem/silver_ingot":2,"minecraft:stone_axe":1,"ms:tool/uranium_sword":1,"minecraft:rotten_flesh":26,"minecraft:glowstone_dust":1,"minecraft:honey_bottle":1,"ms:armor/glass_chest":1,"minecraft:chainmail_chestplate":1,"ms:gem/uranium":1,"born_in_chaos_v1:corpse_maggot":3,"iceandfire:dragonarmor_iron_head":3,"iceandfire:troll_leather_frost":1,"forbidden_arcanus:arcane_crystal":6,"minecraft:spruce_slab":4,"minecraft:arrow":1,"iceandfire:ice_dragon_blood":2,"iceandfire:silver_pickaxe":2,"minecraft:iron_ingot":6,"minecraft:bread":14,"born_in_chaos_v1:shattered_skull":1,"minecraft:wheat_seeds":1,"forbidden_arcanus:xpetrified_orb":3,"ms:gem/jet":10,"ms:ore/silver":2,"minecraft:torch":2,"minecraft:wooden_axe":2,"ms:armor/glass_helmet":1,"born_in_chaos_v1:fused_bone":1,"minecraft:string":1,"ms:gem/ruby":1,"iceandfire:dragon_bone_block":3,"ms:gem/tin_ingot":7,"alexsmobs:maggot":2,"minecraft:stone_sword":2,"born_in_chaos_v1:rotten_fish":2,"minecraft:shears":2,"ms:tool/aquamarine_sword":1,"ms:gem/scarlet_emerald":1,"minecraft:spruce_planks":9,"ms:ore/mithril":4,"born_in_chaos_v1:spiny_shell":2,"iceandfire:silver_ingot":7,"ms:ore/cobalt":1,"minecraft:wooden_pickaxe":1,"ms:record/any_key":1},"minecraft:used":{"quark:indigo_corundum":1,"ms:tool/uranium_sword":195,"minecraft:spruce_slab":5,"born_in_chaos_v1:intoxicating_decoction":1,"minecraft:iron_sword":24,"quark:indigo_corundum_cluster":1,"biomesoplenty:bramble":1,"minecraft:rotten_flesh":9,"minecraft:iron_chestplate":1,"minecraft:mutton":5,"minecraft:carrot":2,"minecraft:tuff":1,"minecraft:honey_bottle":2,"born_in_chaos_v1:corpse_maggot":10,"iceandfire:dread_torch":1,"minecraft:polished_andesite_stairs":1,"iceandfire:armor_silver_metal_leggings":1,"born_in_chaos_v1:gnawed_bones":1,"ms:ore/chromite":2,"minecraft:stone_brick_stairs":1,"minecraft:stone_bricks":11,"ms:tool/copper_sword":11,"minecraft:redstone_lamp":1,"minecraft:sweet_berries":3,"minecraft:oak_sapling":5,"minecraft:furnace":6,"minecraft:potato":9,"ms:armor/glass_boots":1,"minecraft:diorite":8,"minecraft:mossy_stone_bricks":3,"ms:armor/glass_chest":1,"minecraft:stone_pickaxe":36,"minecraft:oak_planks":4,"ms:stone/marble":14,"minecraft:wooden_pickaxe":26,"iceandfire:dread_stone_bricks":6,"minecraft:white_wool":1,"minecraft:golden_apple":1,"iceandfire:armor_silver_metal_boots":1,"minecraft:chiseled_quartz_block":1,"minecraft:gray_concrete":1,"ms:armor/glass_legs":1,"minecraft:pumpkin_seeds":1,"minecraft:redstone_torch":1,"iceandfire:silver_pickaxe":340,"minecraft:light_gray_concrete":2,"minecraft:bread":67,"ms:tool/silver_axe":7,"minecraft:gravel":3,"minecraft:andesite":4,"minecraft:smooth_stone_slab":5,"minecraft:stone_sword":131,"ms:tool/steel_sword":43,"minecraft:armor_stand":3,"minecraft:spruce_planks":321,"minecraft:sandstone_wall":1,"ms:stone/limestone":5,"minecraft:torch":50,"minecraft:dirt":18,"minecraft:chainmail_chestplate":1,"minecraft:granite":11,"minecraft:iron_hoe":2,"minecraft:wooden_axe":36,"minecraft:iron_axe":164,"minecraft:smooth_quartz":6,"ms:stone/peridotite":4,"minecraft:cobbled_deepslate":37,"minecraft:polished_andesite":1,"ms:ore/deepslate_turquoise":2,"minecraft:stonecutter":1,"minecraft:cracked_stone_bricks":1,"minecraft:mossy_cobblestone":1,"minecraft:crafting_table":14,"minecraft:red_bed":12,"iceandfire:dread_stone_bricks_mossy":6,"ms:nature/silverbell_sapling":1,"minecraft:white_bed":1,"minecraft:spruce_log":4,"ms:tool/uranium_pickaxe":106,"ms:chest/spruce":1,"minecraft:oak_log":2,"minecraft:black_wool":1,"minecraft:iron_pickaxe":17,"minecraft:spruce_sapling":9,"ms:armor/glass_helmet":1,"minecraft:stone_axe":15,"minecraft:cobblestone":126,"minecraft:yellow_bed":2,"minecraft:smooth_stone":2,"iceandfire:dread_stone_bricks_cracked":9},"minecraft:killed":{"born_in_chaos_v1:zombie_clown":1,"orcz:goblinshield":1,"minecraft:witch":1,"born_in_chaos_v1:zombie_lumberjack":1,"minecraft:spider":1,"alexsmobs:snow_leopard":1,"minecraft:skeleton":7,"orcz:squig":1,"iceandfire:dread_scuttler":17,"epicsamurai:enenra":1,"orcz:goblinsavagemace":2,"minecraft:sheep":13,"minecraft:pillager":2,"minecraft:zombie":5,"born_in_chaos_v1:corpse_fly":6,"alexsmobs:fly":2,"iceandfire:dread_ghoul":1,"orcz:orcsavage_2sword":1,"iceandfire:dread_beast":7,"born_in_chaos_v1:thornshell_crab":1,"born_in_chaos_v1:zombie_bruiser":3,"born_in_chaos_v1:maggot":2,"iceandfire:dread_thrall":1,"orcz:orcsavagemace":1,"born_in_chaos_v1:swarmer":1,"orcz:goblin_2sword":2},"minecraft:mined":{"minecraft:dark_oak_planks":7,"ms:ore/deepslate_uranium":1,"create:deepslate_zinc_ore":6,"minecraft:spruce_planks":76,"minecraft:oak_sapling":1,"iceandfire:dread_torch":1,"minecraft:granite":10,"biomesoplenty:bramble":1,"ms:ore/deepslate_turquoise":2,"minecraft:grass_block":7,"iceandfire:dread_spawner":5,"minecraft:spawner":1,"minecraft:smooth_stone":3,"minecraft:iron_ore":27,"minecraft:barrel":1,"iceandfire:gold_pile":54,"minecraft:light_gray_concrete":1,"quark:indigo_corundum":1,"iceandfire:dread_stone_bricks_cracked":23,"ms:ore/ruby":3,"minecraft:spruce_slab":3,"minecraft:deepslate_redstone_ore":3,"minecraft:brown_mushroom":1,"minecraft:red_bed":16,"minecraft:torch":22,"minecraft:chest":1,"minecraft:cobblestone":5,"ms:ore/sapphire":2,"minecraft:sugar_cane":1,"minecraft:wall_torch":12,"minecraft:skeleton_skull":4,"minecraft:repeater":1,"ms:ore/mithril":7,"minecraft:light_gray_stained_glass":4,"minecraft:birch_log":5,"minecraft:stone_brick_stairs":1,"minecraft:smooth_stone_slab":3,"minecraft:grass":7,"iceandfire:dread_stone_bricks_mossy":1,"minecraft:dirt":12,"minecraft:smooth_quartz":2,"minecraft:sandstone_wall":1,"minecraft:stonecutter":2,"minecraft:oak_leaves":4,"iceandfire:dread_stone_bricks":19,"minecraft:deepslate":42,"minecraft:redstone_lamp":1,"create:zinc_ore":2,"iceandfire:silver_ore":2,"minecraft:mossy_cobblestone":1,"minecraft:deepslate_diamond_ore":1,"ms:ore/tin":3,"minecraft:spruce_leaves":20,"ms:ore/sulfur":1,"ms:stone/marble":18,"iceandfire:dragonforge_ice_brick":2,"minecraft:large_fern":1,"minecraft:black_stained_glass_pane":2,"ms:ore/potassium_nitrate":5,"ms:ore/amazonite":2,"forbidden_arcanus:deepslate_arcane_crystal_ore":3,"minecraft:furnace":7,"minecraft:andesite":4,"iceandfire:dragon_bone_block":4,"minecraft:bookshelf":4,"ms:ore/opal":2,"ms:ore/chromite":2,"minecraft:stone":163,"minecraft:redstone_block":1,"minecraft:crafting_table":12,"ms:ore/deepslate_scarlet_emerald":1,"ms:ore/citrine":1,"minecraft:lapis_ore":7,"minecraft:deepslate_gold_ore":7,"minecraft:diorite":10,"ms:ore/silver":4,"ms:stone/limestone":6,"forbidden_arcanus:xpetrified_ore":1,"minecraft:ice":3,"minecraft:spruce_log":87,"minecraft:yellow_bed":2,"minecraft:coal_ore":10,"minecraft:gravel":3,"minecraft:polished_andesite":2,"minecraft:stone_bricks":4,"minecraft:mossy_stone_bricks":1,"minecraft:fern":4}},"DataVersion":3120}