{"stats":{"minecraft:custom":{"minecraft:interact_with_furnace":1,"minecraft:mob_kills":7,"minecraft:interact_with_crafting_table":6,"minecraft:open_barrel":28,"minecraft:eat_cake_slice":6,"minecraft:leave_game":1,"minecraft:time_since_death":1330,"minecraft:sleep_in_bed":2,"minecraft:climb_one_cm":10370,"minecraft:time_since_rest":1358,"minecraft:damage_absorbed":40,"minecraft:sprint_one_cm":214868,"minecraft:damage_taken":6568,"minecraft:walk_one_cm":208854,"minecraft:drop":12,"minecraft:damage_dealt":2848,"minecraft:swim_one_cm":8021,"minecraft:player_kills":1,"minecraft:fly_one_cm":479928,"minecraft:open_chest":17,"minecraft:crouch_one_cm":8796,"minecraft:play_time":74423,"minecraft:deaths":21,"minecraft:sneak_time":3832,"minecraft:walk_under_water_one_cm":2303,"minecraft:jump":2257,"minecraft:interact_with_brewingstand":1,"minecraft:interact_with_blast_furnace":1,"minecraft:walk_on_water_one_cm":4603,"minecraft:interact_with_smoker":2,"minecraft:total_world_time":74423,"minecraft:fall_one_cm":63573},"minecraft:picked_up":{"minecraft:wooden_axe":2,"born_in_chaos_v1:corpse_maggot":10,"minecraft:crafting_table":4,"minecraft:brown_mushroom":1,"minecraft:red_bed":7,"minecraft:dirt":8,"minecraft:smooth_stone_slab":2,"minecraft:bone":1,"minecraft:stone_bricks":1,"travelersbackpack:horse":1,"minecraft:wheat_seeds":1,"minecraft:smooth_stone":2,"minecraft:spruce_planks":2,"minecraft:iron_ingot":1,"minecraft:iron_pickaxe":2,"minecraft:sugar_cane":3,"minecraft:chest":1,"minecraft:book":12,"minecraft:polished_andesite_stairs":1,"minecraft:stick":3,"minecraft:raw_iron":4,"minecraft:torch":1,"minecraft:spruce_sapling":5,"minecraft:diorite":3,"minecraft:dead_bush":3,"minecraft:spruce_log":52,"minecraft:mossy_cobblestone":1,"minecraft:dark_oak_planks":7,"iceandfire:dragon_skull_ice":1,"minecraft:polished_andesite":4,"minecraft:pumpkin_seeds":1,"minecraft:rotten_flesh":26,"minecraft:stone_axe":2,"aether:chainmail_gloves":1,"minecraft:crossbow":1,"minecraft:granite":4,"forbidden_arcanus:spawner_scrap":1,"minecraft:cobblestone":26},"minecraft:used":{"minecraft:diorite":3,"minecraft:stone_sword":28,"minecraft:polished_andesite":1,"minecraft:spruce_planks":118,"minecraft:wooden_pickaxe":26,"minecraft:iron_sword":24,"minecraft:rotten_flesh":9,"minecraft:iron_chestplate":1,"minecraft:torch":9,"minecraft:golden_apple":1,"minecraft:mossy_cobblestone":1,"minecraft:dirt":7,"minecraft:crafting_table":5,"minecraft:red_bed":3,"minecraft:chainmail_chestplate":1,"minecraft:carrot":2,"minecraft:granite":4,"minecraft:spruce_log":3,"minecraft:pumpkin_seeds":1,"minecraft:honey_bottle":2,"minecraft:iron_hoe":2,"born_in_chaos_v1:corpse_maggot":6,"minecraft:wooden_axe":36,"minecraft:iron_axe":8,"minecraft:bread":7,"minecraft:polished_andesite_stairs":1,"minecraft:iron_pickaxe":17,"minecraft:spruce_sapling":4,"minecraft:stone_axe":15,"minecraft:cobblestone":6,"minecraft:sweet_berries":3,"minecraft:smooth_stone_slab":2,"minecraft:potato":9,"minecraft:smooth_stone":2},"minecraft:killed_by":{"minecraft:skeleton":2,"minecraft:stray":1,"minecraft:spider":1,"minecraft:zombie":12,"minecraft:pillager":1,"born_in_chaos_v1:corpse_fly":1},"minecraft:mined":{"minecraft:dark_oak_planks":7,"minecraft:spruce_planks":2,"minecraft:brown_mushroom":1,"minecraft:red_bed":6,"minecraft:crafting_table":4,"minecraft:torch":1,"minecraft:granite":4,"minecraft:grass_block":5,"minecraft:chest":1,"minecraft:cobblestone":2,"minecraft:spruce_leaves":13,"minecraft:sugar_cane":1,"minecraft:diorite":3,"minecraft:large_fern":1,"minecraft:iron_ore":4,"minecraft:barrel":1,"minecraft:ice":3,"minecraft:spruce_log":51,"minecraft:stone_brick_stairs":1,"minecraft:grass":1,"minecraft:bookshelf":4,"minecraft:dirt":3,"minecraft:polished_andesite":2,"minecraft:stone_bricks":2,"minecraft:stone":24,"minecraft:fern":2},"minecraft:crafted":{"minecraft:stone_shovel":1,"minecraft:crafting_table":3,"minecraft:spruce_planks":212,"minecraft:wooden_pickaxe":3,"minecraft:stone_axe":2,"minecraft:stick":28,"minecraft:stone_pickaxe":2,"minecraft:wooden_axe":2,"minecraft:stone_sword":1},"minecraft:killed":{"minecraft:zombie":1,"born_in_chaos_v1:corpse_fly":4},"minecraft:dropped":{"minecraft:bread":12,"minecraft:stone_axe":1,"minecraft:glass_bottle":1,"minecraft:honey_bottle":1,"minecraft:chainmail_chestplate":1,"minecraft:red_bed":2,"minecraft:torch":1,"minecraft:spruce_planks":9,"minecraft:wooden_axe":2,"minecraft:wooden_pickaxe":1}},"DataVersion":3120}