{"stats":{"minecraft:custom":{"minecraft:mob_kills":20,"minecraft:interact_with_crafting_table":12,"minecraft:open_barrel":32,"minecraft:damage_dealt_resisted":595,"minecraft:eat_cake_slice":6,"minecraft:leave_game":2,"minecraft:time_since_death":848,"minecraft:climb_one_cm":17792,"minecraft:sprint_one_cm":292555,"minecraft:walk_one_cm":340668,"minecraft:drop":39,"minecraft:play_noteblock":2,"minecraft:play_time":122223,"minecraft:deaths":30,"minecraft:sneak_time":7411,"minecraft:walk_under_water_one_cm":2403,"minecraft:jump":3220,"minecraft:interact_with_brewingstand":1,"minecraft:interact_with_blast_furnace":1,"minecraft:walk_on_water_one_cm":4759,"minecraft:total_world_time":122223,"minecraft:interact_with_furnace":8,"minecraft:sleep_in_bed":3,"minecraft:time_since_rest":876,"minecraft:damage_taken":9029,"minecraft:damage_absorbed":40,"minecraft:damage_dealt":6282,"minecraft:swim_one_cm":8224,"minecraft:fly_one_cm":673000,"minecraft:player_kills":2,"minecraft:open_chest":26,"minecraft:crouch_one_cm":20074,"minecraft:interact_with_smoker":2,"minecraft:fall_one_cm":91624,"minecraft:inspect_dispenser":2},"minecraft:picked_up":{"minecraft:wooden_axe":2,"iceandfire:dread_stone_bricks":1,"minecraft:crafting_table":6,"minecraft:redstone_block":1,"minecraft:brown_mushroom":1,"minecraft:stone_brick_stairs":1,"minecraft:string":1,"minecraft:red_bed":11,"ms:gem/citrine":1,"minecraft:smooth_stone_slab":5,"minecraft:armor_stand":2,"quark:indigo_corundum":1,"ms:armor/glass_legs":1,"travelersbackpack:horse":1,"ms:gem/sapphire":3,"minecraft:smooth_stone":2,"minecraft:spruce_planks":6,"ms:gem/potassium_nitrate":22,"born_in_chaos_v1:gnawed_bones":1,"minecraft:iron_pickaxe":2,"minecraft:smooth_quartz":6,"ms:armor/glass_chest":1,"minecraft:sugar_cane":3,"minecraft:chest":1,"minecraft:furnace":3,"ms:armor/glass_boots":1,"minecraft:stick":5,"minecraft:raw_iron":14,"ms:armor/glass_helmet":1,"ms:ore/cobalt":1,"minecraft:torch":3,"iceandfire:silver_ore":2,"minecraft:sandstone_wall":1,"ms:gem/silver_ingot":2,"minecraft:diorite":3,"born_in_chaos_v1:pieceofdarkmetal":1,"ms:ore/tin":3,"ms:tool/steel_sword":1,"minecraft:dark_oak_planks":7,"iceandfire:dragon_skull_ice":1,"ms:ore/silver":4,"iceandfire:silver_ingot":1,"minecraft:stone_sword":1,"minecraft:arrow":9,"ms:record/vitality":1,"minecraft:rotten_flesh":33,"aether:chainmail_gloves":1,"quark:indigo_corundum_cluster":1,"ms:gem/amazonite":1,"forbidden_arcanus:spawner_scrap":1,"minecraft:cobblestone":60,"born_in_chaos_v1:corpse_maggot":11,"minecraft:repeater":1,"ms:armor/bronze_helmet":1,"minecraft:chiseled_quartz_block":1,"minecraft:oak_log":2,"ms:gem/ruby":1,"minecraft:lapis_lazuli":48,"minecraft:gray_concrete":1,"minecraft:dirt":8,"ms:gem/opal":1,"minecraft:bone":33,"minecraft:stone_bricks":1,"minecraft:stonecutter":2,"minecraft:orange_tulip":1,"minecraft:wheat_seeds":1,"ms:stone/marble":14,"minecraft:iron_ingot":1,"ms:gem/tin_ingot":1,"quark:light_gray_shard":10,"minecraft:book":12,"minecraft:polished_andesite_stairs":1,"ms:gem/olivine":3,"minecraft:spruce_sapling":10,"ms:ore/mithril":5,"minecraft:spruce_log":72,"minecraft:dead_bush":3,"minecraft:mossy_cobblestone":1,"minecraft:light_gray_concrete":2,"minecraft:polished_andesite":4,"minecraft:pumpkin_seeds":1,"biomesoplenty:bramble":1,"minecraft:stone_axe":2,"iceandfire:dread_stone_bricks_mossy":1,"minecraft:crossbow":1,"minecraft:granite":9,"ms:gem/jet":10,"minecraft:coal":10},"minecraft:used":{"quark:indigo_corundum":1,"minecraft:stone_sword":131,"ms:tool/steel_sword":2,"minecraft:armor_stand":2,"minecraft:spruce_planks":169,"minecraft:iron_sword":24,"quark:indigo_corundum_cluster":1,"biomesoplenty:bramble":1,"minecraft:sandstone_wall":1,"minecraft:rotten_flesh":9,"minecraft:iron_chestplate":1,"minecraft:torch":12,"minecraft:dirt":7,"minecraft:chainmail_chestplate":1,"minecraft:carrot":2,"minecraft:granite":4,"minecraft:honey_bottle":2,"minecraft:iron_hoe":2,"born_in_chaos_v1:corpse_maggot":7,"minecraft:wooden_axe":36,"minecraft:iron_axe":66,"minecraft:polished_andesite_stairs":1,"minecraft:smooth_quartz":6,"born_in_chaos_v1:gnawed_bones":1,"minecraft:stone_brick_stairs":1,"minecraft:redstone_lamp":1,"minecraft:sweet_berries":3,"minecraft:furnace":1,"minecraft:potato":9,"minecraft:diorite":3,"minecraft:polished_andesite":1,"minecraft:stone_pickaxe":36,"ms:stone/marble":14,"minecraft:wooden_pickaxe":26,"iceandfire:dread_stone_bricks":1,"minecraft:stonecutter":1,"minecraft:golden_apple":1,"minecraft:mossy_cobblestone":1,"minecraft:crafting_table":7,"minecraft:red_bed":7,"iceandfire:dread_stone_bricks_mossy":1,"minecraft:chiseled_quartz_block":1,"minecraft:gray_concrete":1,"minecraft:spruce_log":3,"minecraft:pumpkin_seeds":1,"ms:chest/spruce":1,"iceandfire:silver_pickaxe":106,"minecraft:redstone_torch":1,"minecraft:oak_log":2,"minecraft:light_gray_concrete":2,"minecraft:bread":7,"minecraft:iron_pickaxe":17,"minecraft:spruce_sapling":9,"minecraft:stone_axe":15,"minecraft:cobblestone":22,"minecraft:smooth_stone_slab":5,"minecraft:smooth_stone":2},"minecraft:killed_by":{"minecraft:player":3,"minecraft:stray":1,"minecraft:creeper":1,"minecraft:spider":1,"minecraft:pillager":1,"alexsmobs:snow_leopard":1,"born_in_chaos_v1:corpse_fly":1,"iceandfire:dread_ghoul":2,"minecraft:skeleton":3,"minecraft:zombie":12},"minecraft:mined":{"minecraft:dark_oak_planks":7,"minecraft:spruce_planks":6,"iceandfire:silver_ore":2,"ms:ore/tin":3,"minecraft:granite":8,"biomesoplenty:bramble":1,"minecraft:grass_block":5,"minecraft:spruce_leaves":20,"ms:stone/marble":18,"minecraft:large_fern":1,"minecraft:black_stained_glass_pane":2,"ms:ore/potassium_nitrate":5,"ms:ore/amazonite":2,"minecraft:furnace":3,"minecraft:iron_ore":12,"minecraft:barrel":1,"minecraft:bookshelf":4,"ms:ore/opal":1,"minecraft:light_gray_concrete":1,"quark:indigo_corundum":1,"iceandfire:dread_stone_bricks_cracked":1,"minecraft:stone":63,"ms:ore/ruby":1,"minecraft:redstone_block":1,"minecraft:brown_mushroom":1,"minecraft:red_bed":10,"minecraft:crafting_table":6,"minecraft:torch":2,"minecraft:chest":1,"ms:ore/citrine":1,"minecraft:cobblestone":2,"minecraft:lapis_ore":7,"ms:ore/sapphire":2,"minecraft:sugar_cane":1,"minecraft:diorite":5,"minecraft:wall_torch":1,"ms:ore/silver":4,"minecraft:repeater":1,"ms:ore/mithril":7,"minecraft:light_gray_stained_glass":4,"minecraft:ice":3,"minecraft:spruce_log":72,"minecraft:smooth_stone_slab":3,"minecraft:stone_brick_stairs":1,"iceandfire:dread_stone_bricks_mossy":1,"minecraft:grass":5,"minecraft:coal_ore":10,"minecraft:smooth_quartz":2,"minecraft:dirt":3,"minecraft:sandstone_wall":1,"minecraft:stone_bricks":2,"minecraft:stonecutter":2,"minecraft:polished_andesite":2,"iceandfire:dread_stone_bricks":2,"minecraft:redstone_lamp":1,"minecraft:fern":2},"minecraft:crafted":{"minecraft:stone_shovel":1,"minecraft:stone_pickaxe":2,"ms:chest/spruce":1,"ms:gem/silver_ingot":2,"minecraft:crafting_table":3,"minecraft:spruce_planks":292,"minecraft:wooden_pickaxe":3,"ms:gem/tin_ingot":3,"minecraft:stone_axe":2,"minecraft:air":0,"minecraft:stick":32,"minecraft:iron_ingot":6,"minecraft:wooden_axe":2,"minecraft:stone_sword":1,"ms:tool/silver_sword":1,"iceandfire:silver_pickaxe":1},"minecraft:broken":{"aether:chainmail_gloves":1},"minecraft:killed":{"minecraft:spider":1,"alexsmobs:snow_leopard":1,"born_in_chaos_v1:zombie_bruiser":1,"born_in_chaos_v1:maggot":1,"minecraft:skeleton":6,"minecraft:pillager":1,"minecraft:zombie":1,"born_in_chaos_v1:corpse_fly":4,"iceandfire:dread_ghoul":1},"minecraft:dropped":{"minecraft:bread":12,"minecraft:glass_bottle":1,"minecraft:orange_tulip":1,"ms:gem/jet":5,"minecraft:red_bed":3,"ms:gem/sapphire":3,"minecraft:torch":2,"minecraft:wooden_axe":2,"ms:tool/silver_sword":1,"ms:gem/olivine":3,"ms:gem/ruby":1,"ms:gem/silver_ingot":2,"ms:gem/tin_ingot":1,"minecraft:stone_axe":1,"minecraft:stone_sword":2,"minecraft:rotten_flesh":7,"minecraft:honey_bottle":1,"minecraft:chainmail_chestplate":1,"minecraft:spruce_planks":9,"ms:ore/mithril":4,"iceandfire:silver_ingot":1,"minecraft:arrow":1,"minecraft:wooden_pickaxe":1}},"DataVersion":3120}