{"stats":{"minecraft:custom":{"minecraft:mob_kills":20,"minecraft:interact_with_crafting_table":6,"minecraft:open_barrel":30,"minecraft:damage_dealt_resisted":595,"minecraft:eat_cake_slice":6,"minecraft:leave_game":2,"minecraft:time_since_death":1877,"minecraft:climb_one_cm":17792,"minecraft:sprint_one_cm":258923,"minecraft:walk_one_cm":289835,"minecraft:drop":20,"minecraft:play_noteblock":2,"minecraft:play_time":98223,"minecraft:deaths":27,"minecraft:sneak_time":5921,"minecraft:walk_under_water_one_cm":2303,"minecraft:jump":2829,"minecraft:interact_with_brewingstand":1,"minecraft:interact_with_blast_furnace":1,"minecraft:walk_on_water_one_cm":4603,"minecraft:total_world_time":98223,"minecraft:interact_with_furnace":2,"minecraft:sleep_in_bed":3,"minecraft:time_since_rest":1629,"minecraft:damage_taken":8181,"minecraft:damage_absorbed":40,"minecraft:damage_dealt":6130,"minecraft:swim_one_cm":8021,"minecraft:fly_one_cm":596594,"minecraft:player_kills":2,"minecraft:open_chest":25,"minecraft:crouch_one_cm":15361,"minecraft:interact_with_smoker":2,"minecraft:fall_one_cm":77236,"minecraft:inspect_dispenser":2},"minecraft:picked_up":{"minecraft:wooden_axe":2,"iceandfire:dread_stone_bricks":1,"minecraft:crafting_table":4,"minecraft:redstone_block":1,"minecraft:brown_mushroom":1,"minecraft:red_bed":9,"minecraft:smooth_stone_slab":5,"travelersbackpack:horse":1,"minecraft:smooth_stone":2,"minecraft:spruce_planks":5,"born_in_chaos_v1:gnawed_bones":1,"minecraft:iron_pickaxe":2,"minecraft:smooth_quartz":6,"minecraft:sugar_cane":3,"minecraft:chest":1,"minecraft:furnace":2,"minecraft:stick":5,"minecraft:raw_iron":4,"minecraft:torch":1,"minecraft:sandstone_wall":1,"minecraft:diorite":3,"born_in_chaos_v1:pieceofdarkmetal":1,"minecraft:dark_oak_planks":7,"iceandfire:dragon_skull_ice":1,"minecraft:arrow":9,"ms:record/vitality":1,"minecraft:rotten_flesh":33,"aether:chainmail_gloves":1,"forbidden_arcanus:spawner_scrap":1,"minecraft:cobblestone":26,"born_in_chaos_v1:corpse_maggot":11,"minecraft:repeater":1,"minecraft:chiseled_quartz_block":1,"minecraft:oak_log":2,"minecraft:gray_concrete":1,"minecraft:dirt":8,"minecraft:bone":14,"minecraft:stone_bricks":1,"minecraft:stonecutter":2,"minecraft:wheat_seeds":1,"minecraft:iron_ingot":1,"quark:light_gray_shard":10,"minecraft:book":12,"minecraft:polished_andesite_stairs":1,"minecraft:spruce_sapling":10,"minecraft:spruce_log":62,"minecraft:dead_bush":3,"minecraft:mossy_cobblestone":1,"minecraft:light_gray_concrete":2,"minecraft:polished_andesite":4,"minecraft:pumpkin_seeds":1,"minecraft:stone_axe":2,"minecraft:crossbow":1,"minecraft:granite":4},"minecraft:used":{"minecraft:stone_sword":122,"minecraft:spruce_planks":146,"minecraft:iron_sword":24,"minecraft:sandstone_wall":1,"minecraft:rotten_flesh":9,"minecraft:iron_chestplate":1,"minecraft:torch":10,"minecraft:dirt":7,"minecraft:chainmail_chestplate":1,"minecraft:carrot":2,"minecraft:granite":4,"minecraft:honey_bottle":2,"minecraft:iron_hoe":2,"born_in_chaos_v1:corpse_maggot":7,"minecraft:wooden_axe":36,"minecraft:iron_axe":52,"minecraft:polished_andesite_stairs":1,"minecraft:smooth_quartz":6,"born_in_chaos_v1:gnawed_bones":1,"minecraft:redstone_lamp":1,"minecraft:sweet_berries":3,"minecraft:potato":9,"minecraft:diorite":3,"minecraft:polished_andesite":1,"minecraft:stone_pickaxe":23,"minecraft:wooden_pickaxe":26,"minecraft:stonecutter":1,"minecraft:golden_apple":1,"minecraft:mossy_cobblestone":1,"minecraft:crafting_table":5,"minecraft:red_bed":5,"minecraft:chiseled_quartz_block":1,"minecraft:gray_concrete":1,"minecraft:spruce_log":3,"minecraft:pumpkin_seeds":1,"minecraft:redstone_torch":1,"minecraft:oak_log":2,"minecraft:light_gray_concrete":2,"minecraft:bread":7,"minecraft:iron_pickaxe":17,"minecraft:spruce_sapling":9,"minecraft:stone_axe":15,"minecraft:cobblestone":6,"minecraft:smooth_stone_slab":5,"minecraft:smooth_stone":2},"minecraft:killed_by":{"minecraft:player":1,"minecraft:stray":1,"minecraft:spider":1,"minecraft:pillager":1,"alexsmobs:snow_leopard":1,"born_in_chaos_v1:corpse_fly":1,"iceandfire:dread_ghoul":2,"minecraft:skeleton":3,"minecraft:zombie":12},"minecraft:mined":{"minecraft:dark_oak_planks":7,"minecraft:spruce_planks":6,"minecraft:granite":4,"minecraft:grass_block":5,"minecraft:spruce_leaves":20,"minecraft:large_fern":1,"minecraft:black_stained_glass_pane":2,"minecraft:furnace":2,"minecraft:iron_ore":4,"minecraft:barrel":1,"minecraft:bookshelf":4,"minecraft:light_gray_concrete":1,"iceandfire:dread_stone_bricks_cracked":1,"minecraft:stone":24,"minecraft:redstone_block":1,"minecraft:brown_mushroom":1,"minecraft:red_bed":8,"minecraft:crafting_table":4,"minecraft:torch":1,"minecraft:chest":1,"minecraft:cobblestone":2,"minecraft:sugar_cane":1,"minecraft:diorite":3,"minecraft:repeater":1,"minecraft:light_gray_stained_glass":4,"minecraft:ice":3,"minecraft:spruce_log":61,"minecraft:smooth_stone_slab":3,"minecraft:stone_brick_stairs":1,"iceandfire:dread_stone_bricks_mossy":1,"minecraft:grass":3,"minecraft:smooth_quartz":2,"minecraft:dirt":3,"minecraft:sandstone_wall":1,"minecraft:stone_bricks":2,"minecraft:stonecutter":2,"minecraft:polished_andesite":2,"iceandfire:dread_stone_bricks":2,"minecraft:redstone_lamp":1,"minecraft:fern":2},"minecraft:crafted":{"minecraft:stone_shovel":1,"minecraft:stone_pickaxe":2,"minecraft:crafting_table":3,"minecraft:spruce_planks":252,"minecraft:wooden_pickaxe":3,"minecraft:stone_axe":2,"minecraft:stick":28,"minecraft:wooden_axe":2,"minecraft:stone_sword":1},"minecraft:broken":{"aether:chainmail_gloves":1},"minecraft:killed":{"minecraft:spider":1,"alexsmobs:snow_leopard":1,"born_in_chaos_v1:zombie_bruiser":1,"born_in_chaos_v1:maggot":1,"minecraft:skeleton":6,"minecraft:pillager":1,"minecraft:zombie":1,"born_in_chaos_v1:corpse_fly":4,"iceandfire:dread_ghoul":1},"minecraft:dropped":{"minecraft:bread":12,"minecraft:glass_bottle":1,"minecraft:red_bed":2,"minecraft:torch":1,"minecraft:wooden_axe":2,"minecraft:stone_axe":1,"minecraft:rotten_flesh":7,"minecraft:honey_bottle":1,"minecraft:chainmail_chestplate":1,"minecraft:spruce_planks":9,"minecraft:arrow":1,"minecraft:wooden_pickaxe":1}},"DataVersion":3120}