{"stats":{"minecraft:broken":{"ms:armor/glass_legs":1,"aether:chainmail_gloves":1,"ms:armor/glass_boots":1,"aether:iron_gloves":1,"ms:armor/white_opal_boots":1},"minecraft:crafted":{"minecraft:oak_planks":44,"ms:tool/silver_axe":1,"minecraft:cooked_mutton":6,"iceandfire:armor_silver_metal_leggings":1,"ms:armor/sapphire_helmet":1,"ms:chest/spruce":1,"minecraft:crafting_table":5,"minecraft:spruce_planks":348,"minecraft:wooden_pickaxe":3,"minecraft:stick":32,"minecraft:iron_ingot":6,"minecraft:stone_sword":1,"minecraft:gold_ingot":1,"minecraft:stone_shovel":1,"minecraft:furnace":2,"minecraft:bone_meal":27,"minecraft:spruce_slab":6,"minecraft:stone_pickaxe":2,"iceandfire:armor_silver_metal_boots":1,"iceandfire:silver_ingot":4,"ms:gem/silver_ingot":2,"ms:gem/tin_ingot":3,"minecraft:stone_axe":2,"minecraft:air":0,"minecraft:wooden_axe":2,"ms:tool/silver_sword":1,"iceandfire:silver_pickaxe":2,"ms:armor/silver_chest":1},"minecraft:custom":{"minecraft:interact_with_crafting_table":28,"minecraft:open_barrel":32,"minecraft:eat_cake_slice":6,"minecraft:leave_game":3,"minecraft:time_since_death":8165,"minecraft:sprint_one_cm":403767,"minecraft:drop":113,"minecraft:play_noteblock":2,"minecraft:play_time":212998,"minecraft:deaths":44,"minecraft:jump":4807,"minecraft:interact_with_brewingstand":1,"minecraft:walk_on_water_one_cm":16971,"minecraft:interact_with_furnace":17,"minecraft:sleep_in_bed":7,"minecraft:damage_dealt":17953,"minecraft:player_kills":5,"minecraft:crouch_one_cm":43662,"minecraft:interact_with_smoker":2,"minecraft:inspect_dispenser":2,"minecraft:mob_kills":63,"minecraft:damage_dealt_resisted":595,"minecraft:climb_one_cm":17792,"minecraft:walk_one_cm":524893,"minecraft:sneak_time":18257,"minecraft:walk_under_water_one_cm":7331,"minecraft:interact_with_blast_furnace":1,"minecraft:total_world_time":212998,"minecraft:time_since_rest":8188,"minecraft:damage_taken":15775,"minecraft:damage_absorbed":40,"minecraft:swim_one_cm":14888,"minecraft:fly_one_cm":880940,"minecraft:open_chest":81,"minecraft:fall_one_cm":131556},"minecraft:killed_by":{"iceandfire:cyclops":5,"minecraft:creeper":1,"minecraft:pillager":1,"alexsmobs:snow_leopard":1,"born_in_chaos_v1:corpse_fly":1,"iceandfire:dread_ghoul":3,"minecraft:zombie":12,"born_in_chaos_v1:dire_hound_leader":1,"minecraft:illusioner":1,"minecraft:player":6,"iceandfire:dread_scuttler":2,"minecraft:stray":1,"minecraft:spider":1,"iceandfire:dread_knight":1,"minecraft:skeleton":3},"minecraft:picked_up":{"minecraft:wooden_axe":2,"iceandfire:dread_stone_bricks":18,"minecraft:redstone_block":1,"minecraft:yellow_wool":1,"minecraft:diamond_sword":1,"minecraft:stone_brick_stairs":1,"forbidden_arcanus:xpetrified_orb":3,"minecraft:string":1,"ms:gem/citrine":1,"minecraft:smooth_stone_slab":5,"minecraft:armor_stand":2,"ms:armor/glass_legs":1,"minecraft:gold_nugget":226,"minecraft:smooth_stone":5,"minecraft:cobbled_deepslate":37,"minecraft:spruce_planks":72,"iceandfire:dragonforge_ice_brick":1,"minecraft:iron_pickaxe":2,"minecraft:smooth_quartz":6,"ms:armor/glass_chest":1,"ms:record/any_key":1,"minecraft:furnace":3,"minecraft:stick":6,"born_in_chaos_v1:shattered_skull":1,"ms:ore/cobalt":1,"minecraft:torch":27,"iceandfire:silver_ore":6,"iceandfire:dread_torch":1,"minecraft:sandstone_wall":1,"ms:tool/aquamarine_sword":1,"minecraft:diorite":8,"ms:tool/uranium_pickaxe":1,"ms:ore/tin":3,"ms:tool/steel_sword":1,"minecraft:stone_sword":1,"ms:record/vitality":1,"minecraft:rotten_flesh":51,"aether:chainmail_gloves":1,"ms:stone/peridotite":4,"minecraft:cobblestone":162,"minecraft:birch_log":2,"minecraft:repeater":1,"minecraft:andesite":4,"minecraft:chiseled_quartz_block":1,"minecraft:tuff":1,"create:raw_zinc":4,"minecraft:gray_concrete":1,"minecraft:lapis_lazuli":48,"minecraft:dirt":19,"ms:gem/opal":1,"minecraft:bone":44,"minecraft:stonecutter":2,"minecraft:wheat_seeds":2,"minecraft:orange_tulip":1,"ms:stone/marble":14,"minecraft:raw_gold":9,"minecraft:glowstone_dust":1,"ms:gem/tin_ingot":4,"ms:food/light_blue_tulip_seeds":1,"ms:ore/mithril":5,"minecraft:dead_bush":3,"minecraft:mossy_cobblestone":1,"iceandfire:dragon_bone_block":3,"minecraft:light_gray_concrete":2,"minecraft:polished_andesite":4,"minecraft:diamond":3,"iceandfire:dread_stone_bricks_mossy":6,"minecraft:crossbow":1,"minecraft:granite":11,"minecraft:bread":65,"minecraft:emerald":1,"alexsmobs:maggot":2,"minecraft:oak_sapling":9,"minecraft:crafting_table":8,"ms:stone/limestone":5,"minecraft:brown_mushroom":1,"minecraft:red_bed":15,"ms:tool/uranium_sword":1,"born_in_chaos_v1:intoxicating_decoction":1,"quark:indigo_corundum":1,"travelersbackpack:horse":1,"ms:gem/sapphire":3,"iceandfire:dread_shard":3,"born_in_chaos_v1:gnawed_bones":1,"ms:gem/potassium_nitrate":22,"minecraft:spruce_slab":3,"minecraft:sugar_cane":3,"minecraft:chest":1,"ms:armor/glass_boots":1,"minecraft:raw_iron":29,"ms:armor/white_opal_boots":1,"ms:armor/glass_helmet":1,"ms:gem/silver_ingot":2,"born_in_chaos_v1:pieceofdarkmetal":2,"minecraft:dark_oak_planks":7,"iceandfire:dragon_skull_ice":1,"ms:ore/silver":4,"iceandfire:silver_ingot":10,"minecraft:arrow":10,"iceandfire:cyclops_eye":1,"minecraft:shears":1,"ms:ore/deepslate_turquoise":2,"quark:indigo_corundum_cluster":1,"ms:gem/amazonite":1,"ms:ore/chromite":2,"minecraft:mutton":9,"forbidden_arcanus:spawner_scrap":1,"minecraft:white_wool":5,"born_in_chaos_v1:fused_bone":1,"born_in_chaos_v1:corpse_maggot":14,"ms:armor/bronze_helmet":1,"minecraft:leather":6,"ms:gem/sulfur":8,"minecraft:oak_log":13,"iceandfire:dread_stone_bricks_cracked":24,"ms:gem/ruby":3,"iceandfire:dragonarmor_iron_head":2,"minecraft:stone_bricks":1,"minecraft:iron_ingot":1,"minecraft:glass_bottle":4,"minecraft:book":12,"quark:light_gray_shard":10,"ms:gem/scarlet_emerald":2,"minecraft:polished_andesite_stairs":1,"ms:gem/olivine":3,"minecraft:gravel":3,"minecraft:spruce_sapling":10,"minecraft:spruce_log":87,"minecraft:spider_eye":11,"forbidden_arcanus:arcane_crystal":6,"ms:gem/uranium":1,"iceandfire:silver_pickaxe":1,"minecraft:pumpkin_seeds":1,"biomesoplenty:bramble":1,"minecraft:stone_axe":2,"ms:gem/jet":10,"minecraft:coal":12},"minecraft:dropped":{"ms:food/light_blue_tulip_seeds":1,"minecraft:lapis_lazuli":48,"minecraft:glass_bottle":6,"minecraft:orange_tulip":1,"minecraft:leather":6,"minecraft:iron_horse_armor":1,"ms:gem/potassium_nitrate":22,"born_in_chaos_v1:pieceofdarkmetal":2,"minecraft:red_bed":3,"ms:gem/sapphire":3,"ms:gem/amazonite":3,"ms:tool/silver_sword":1,"ms:gem/opal":1,"ms:gem/olivine":3,"iceandfire:dread_shard":9,"minecraft:bone":2,"ms:gem/silver_ingot":2,"minecraft:stone_axe":1,"minecraft:rotten_flesh":25,"minecraft:glowstone_dust":1,"minecraft:honey_bottle":1,"ms:armor/glass_chest":1,"minecraft:chainmail_chestplate":1,"ms:gem/uranium":1,"born_in_chaos_v1:corpse_maggot":3,"iceandfire:dragonarmor_iron_head":3,"iceandfire:troll_leather_frost":1,"forbidden_arcanus:arcane_crystal":6,"minecraft:spruce_slab":4,"minecraft:arrow":1,"iceandfire:ice_dragon_blood":2,"iceandfire:silver_pickaxe":2,"minecraft:iron_ingot":6,"minecraft:bread":13,"born_in_chaos_v1:shattered_skull":1,"minecraft:wheat_seeds":1,"forbidden_arcanus:xpetrified_orb":3,"ms:gem/jet":10,"ms:ore/silver":2,"minecraft:torch":2,"minecraft:wooden_axe":2,"ms:armor/glass_helmet":1,"born_in_chaos_v1:fused_bone":1,"minecraft:string":1,"ms:gem/ruby":1,"iceandfire:dragon_bone_block":3,"ms:gem/tin_ingot":7,"alexsmobs:maggot":2,"minecraft:stone_sword":2,"minecraft:shears":2,"ms:tool/aquamarine_sword":1,"ms:gem/scarlet_emerald":1,"minecraft:spruce_planks":9,"ms:ore/mithril":4,"iceandfire:silver_ingot":7,"ms:ore/cobalt":1,"minecraft:wooden_pickaxe":1,"ms:record/any_key":1},"minecraft:used":{"quark:indigo_corundum":1,"ms:tool/uranium_sword":134,"minecraft:spruce_slab":5,"born_in_chaos_v1:intoxicating_decoction":1,"minecraft:iron_sword":24,"quark:indigo_corundum_cluster":1,"biomesoplenty:bramble":1,"minecraft:rotten_flesh":9,"minecraft:iron_chestplate":1,"minecraft:carrot":2,"minecraft:tuff":1,"minecraft:honey_bottle":2,"born_in_chaos_v1:corpse_maggot":7,"iceandfire:dread_torch":1,"minecraft:polished_andesite_stairs":1,"iceandfire:armor_silver_metal_leggings":1,"born_in_chaos_v1:gnawed_bones":1,"ms:ore/chromite":2,"minecraft:stone_brick_stairs":1,"minecraft:redstone_lamp":1,"minecraft:sweet_berries":3,"minecraft:oak_sapling":5,"minecraft:furnace":4,"minecraft:potato":9,"minecraft:diorite":8,"minecraft:stone_pickaxe":36,"ms:stone/marble":14,"minecraft:wooden_pickaxe":26,"iceandfire:dread_stone_bricks":6,"minecraft:white_wool":1,"minecraft:golden_apple":1,"iceandfire:armor_silver_metal_boots":1,"minecraft:chiseled_quartz_block":1,"minecraft:gray_concrete":1,"minecraft:pumpkin_seeds":1,"minecraft:redstone_torch":1,"iceandfire:silver_pickaxe":322,"minecraft:light_gray_concrete":2,"minecraft:bread":49,"ms:tool/silver_axe":3,"minecraft:gravel":3,"minecraft:andesite":4,"minecraft:smooth_stone_slab":5,"minecraft:stone_sword":131,"ms:tool/steel_sword":43,"minecraft:armor_stand":2,"minecraft:spruce_planks":290,"minecraft:sandstone_wall":1,"ms:stone/limestone":5,"minecraft:torch":42,"minecraft:dirt":18,"minecraft:chainmail_chestplate":1,"minecraft:granite":11,"minecraft:iron_hoe":2,"minecraft:wooden_axe":36,"minecraft:iron_axe":158,"minecraft:smooth_quartz":6,"ms:stone/peridotite":4,"minecraft:cobbled_deepslate":37,"minecraft:polished_andesite":1,"ms:ore/deepslate_turquoise":2,"minecraft:stonecutter":1,"minecraft:mossy_cobblestone":1,"minecraft:crafting_table":12,"minecraft:red_bed":11,"iceandfire:dread_stone_bricks_mossy":6,"minecraft:spruce_log":4,"ms:tool/uranium_pickaxe":86,"ms:chest/spruce":1,"minecraft:oak_log":2,"minecraft:iron_pickaxe":17,"minecraft:spruce_sapling":9,"minecraft:stone_axe":15,"minecraft:cobblestone":126,"minecraft:smooth_stone":2,"iceandfire:dread_stone_bricks_cracked":9},"minecraft:killed":{"born_in_chaos_v1:zombie_clown":1,"minecraft:witch":1,"born_in_chaos_v1:zombie_lumberjack":1,"minecraft:spider":1,"alexsmobs:snow_leopard":1,"minecraft:skeleton":7,"iceandfire:dread_scuttler":17,"epicsamurai:enenra":1,"minecraft:sheep":5,"minecraft:pillager":1,"minecraft:zombie":3,"born_in_chaos_v1:corpse_fly":6,"alexsmobs:fly":2,"iceandfire:dread_ghoul":1,"iceandfire:dread_beast":7,"born_in_chaos_v1:zombie_bruiser":3,"born_in_chaos_v1:maggot":2,"iceandfire:dread_thrall":1,"born_in_chaos_v1:swarmer":1},"minecraft:mined":{"minecraft:dark_oak_planks":7,"ms:ore/deepslate_uranium":1,"create:deepslate_zinc_ore":6,"minecraft:spruce_planks":76,"minecraft:oak_sapling":1,"iceandfire:dread_torch":1,"minecraft:granite":10,"biomesoplenty:bramble":1,"ms:ore/deepslate_turquoise":2,"minecraft:grass_block":7,"iceandfire:dread_spawner":5,"minecraft:smooth_stone":3,"minecraft:iron_ore":27,"minecraft:barrel":1,"iceandfire:gold_pile":29,"minecraft:light_gray_concrete":1,"quark:indigo_corundum":1,"iceandfire:dread_stone_bricks_cracked":23,"ms:ore/ruby":3,"minecraft:spruce_slab":3,"minecraft:deepslate_redstone_ore":3,"minecraft:brown_mushroom":1,"minecraft:red_bed":14,"minecraft:torch":16,"minecraft:chest":1,"minecraft:cobblestone":4,"ms:ore/sapphire":2,"minecraft:sugar_cane":1,"minecraft:wall_torch":11,"minecraft:repeater":1,"ms:ore/mithril":7,"minecraft:light_gray_stained_glass":4,"minecraft:smooth_stone_slab":3,"minecraft:stone_brick_stairs":1,"minecraft:grass":7,"iceandfire:dread_stone_bricks_mossy":1,"minecraft:dirt":12,"minecraft:smooth_quartz":2,"minecraft:sandstone_wall":1,"minecraft:stonecutter":2,"iceandfire:dread_stone_bricks":19,"minecraft:deepslate":42,"minecraft:redstone_lamp":1,"create:zinc_ore":2,"iceandfire:silver_ore":2,"minecraft:mossy_cobblestone":1,"minecraft:deepslate_diamond_ore":1,"ms:ore/tin":3,"minecraft:spruce_leaves":20,"ms:ore/sulfur":1,"iceandfire:dragonforge_ice_brick":2,"ms:stone/marble":18,"minecraft:large_fern":1,"minecraft:black_stained_glass_pane":2,"ms:ore/potassium_nitrate":5,"ms:ore/amazonite":2,"forbidden_arcanus:deepslate_arcane_crystal_ore":3,"minecraft:furnace":3,"minecraft:andesite":4,"iceandfire:dragon_bone_block":4,"minecraft:bookshelf":4,"ms:ore/opal":2,"ms:ore/chromite":2,"minecraft:stone":163,"minecraft:redstone_block":1,"minecraft:crafting_table":9,"ms:ore/deepslate_scarlet_emerald":1,"ms:ore/citrine":1,"minecraft:lapis_ore":7,"minecraft:deepslate_gold_ore":7,"minecraft:diorite":10,"ms:ore/silver":4,"ms:stone/limestone":6,"forbidden_arcanus:xpetrified_ore":1,"minecraft:ice":3,"minecraft:spruce_log":87,"minecraft:coal_ore":10,"minecraft:gravel":3,"minecraft:stone_bricks":2,"minecraft:polished_andesite":2,"minecraft:fern":4}},"DataVersion":3120}