{
  "betterdungeons:all_dungeons": {
    "criteria": {
      "in_better_zombie_dungeon": "2024-08-30 05:26:33 +0000",
      "in_better_spider_dungeon": "2024-08-30 05:49:12 +0000"
    },
    "done": false
  },
  "betterdungeons:zombie_dungeon": {
    "criteria": {
      "in_better_zombie_dungeon": "2024-08-30 05:26:33 +0000"
    },
    "done": true
  },
  "betterdungeons:root": {
    "criteria": {
      "always": "2024-08-30 05:01:30 +0000"
    },
    "done": true
  },
  "incendium:technical/using/trailblazer": {
    "criteria": {
      "log_spam_fixer": "2024-08-30 05:01:31 +0000"
    },
    "done": false
  },
  "minecraft:adventure/kill_a_mob": {
    "criteria": {
      "minecraft:witch": "2024-08-30 05:26:12 +0000"
    },
    "done": true
  },
  "ms:root": {
    "criteria": {
      "in_modded_overworld": "2024-08-30 05:01:31 +0000"
    },
    "done": true
  },
  "minecraft:adventure/kill_all_mobs": {
    "criteria": {
      "minecraft:pillager": "2024-08-30 05:50:33 +0000",
      "minecraft:skeleton": "2024-08-30 05:45:19 +0000",
      "minecraft:witch": "2024-08-30 05:26:12 +0000",
      "minecraft:zombie": "2024-08-30 05:27:36 +0000",
      "minecraft:zombie_villager": "2024-08-31 01:45:44 +0000"
    },
    "done": false
  },
  "incendium:technical/scroll_of_returning": {
    "criteria": {
      "log_spam_fixer": "2024-08-30 05:01:31 +0000"
    },
    "done": false
  },
  "dungeons_arise:wda_root": {
    "criteria": {
      "WDA": "2024-08-30 05:01:30 +0000"
    },
    "done": true
  },
  "dungeons_arise:find_small_blimp": {
    "criteria": {
      "location0": "2024-08-31 01:35:24 +0000"
    },
    "done": true
  },
  "minecraft:story/obtain_armor": {
    "criteria": {
      "iron_helmet": "2024-08-31 01:39:01 +0000"
    },
    "done": true
  },
  "minecraft:husbandry/balanced_diet": {
    "criteria": {
      "honey_bottle": "2024-08-31 01:44:24 +0000",
      "mutton": "2024-08-30 05:45:30 +0000",
      "bread": "2024-08-30 05:23:44 +0000",
      "rotten_flesh": "2024-08-30 05:49:20 +0000",
      "carrot": "2024-08-31 01:26:27 +0000"
    },
    "done": false
  },
  "biomesoplenty:biomesoplenty/all_biomes": {
    "criteria": {
      "highland": "2024-08-31 01:51:25 +0000",
      "snowy_fir_clearing": "2024-08-31 01:52:55 +0000",
      "tundra": "2024-08-30 05:03:01 +0000",
      "ominous_woods": "2024-08-31 01:52:48 +0000"
    },
    "done": false
  },
  "minecraft:story/mine_stone": {
    "criteria": {
      "get_stone": "2024-08-30 05:29:51 +0000"
    },
    "done": true
  },
  "minecraft:adventure/adventuring_time": {
    "criteria": {
      "minecraft:frozen_river": "2024-08-30 05:02:18 +0000",
      "minecraft:snowy_plains": "2024-08-30 05:02:20 +0000",
      "minecraft:stony_shore": "2024-08-30 05:11:06 +0000",
      "minecraft:snowy_taiga": "2024-08-30 05:01:31 +0000",
      "minecraft:dripstone_caves": "2024-08-30 05:34:42 +0000",
      "minecraft:forest": "2024-08-31 01:50:29 +0000",
      "minecraft:ice_spikes": "2024-08-30 05:02:56 +0000",
      "minecraft:frozen_ocean": "2024-08-30 05:11:27 +0000",
      "minecraft:snowy_beach": "2024-08-30 05:02:46 +0000",
      "minecraft:meadow": "2024-08-31 01:50:40 +0000",
      "minecraft:plains": "2024-08-31 01:50:20 +0000"
    },
    "done": false
  },
  "biomesoplenty:biomesoplenty/root": {
    "criteria": {
      "tundra": "2024-08-30 05:03:01 +0000"
    },
    "done": true
  },
  "minecraft:adventure/sleep_in_bed": {
    "criteria": {
      "slept_in_bed": "2024-08-30 05:50:53 +0000"
    },
    "done": true
  },
  "incendium:technical/using/ragnarok": {
    "criteria": {
      "log_spam_fixer": "2024-08-30 05:01:31 +0000"
    },
    "done": false
  },
  "create:root": {
    "criteria": {
      "0": "2024-08-30 05:01:30 +0000"
    },
    "done": true
  },
  "betterdeserttemples:root": {
    "criteria": {
      "always": "2024-08-30 05:01:30 +0000"
    },
    "done": true
  },
  "iceandfire:iceandfire/root": {
    "criteria": {
      "tick": "2024-08-30 05:01:30 +0000"
    },
    "done": true
  },
  "minecraft:husbandry/root": {
    "criteria": {
      "consumed_item": "2024-08-30 05:23:44 +0000"
    },
    "done": true
  },
  "minecraft:story/iron_tools": {
    "criteria": {
      "iron_pickaxe": "2024-08-30 05:25:47 +0000"
    },
    "done": true
  },
  "orcz:orczchallenge": {
    "criteria": {
      "orczchallenge": "2024-08-30 05:01:30 +0000"
    },
    "done": true
  },
  "minecraft:story/mine_diamond": {
    "criteria": {
      "diamond": "2024-08-30 05:38:22 +0000"
    },
    "done": true
  },
  "minecraft:story/upgrade_tools": {
    "criteria": {
      "stone_pickaxe": "2024-08-31 01:30:01 +0000"
    },
    "done": true
  },
  "incendium:technical/new_player": {
    "criteria": {
      "requirement": "2024-08-30 05:01:30 +0000"
    },
    "done": true
  },
  "minecraft:story/root": {
    "criteria": {
      "crafting_table": "2024-08-30 05:25:40 +0000"
    },
    "done": true
  },
  "minecraft:story/smelt_iron": {
    "criteria": {
      "iron": "2024-08-30 05:20:53 +0000"
    },
    "done": true
  },
  "betterdungeons:spider_dungeon": {
    "criteria": {
      "in_better_spider_dungeon": "2024-08-30 05:49:12 +0000"
    },
    "done": true
  },
  "minecraft:adventure/root": {
    "criteria": {
      "killed_by_something": "2024-08-30 05:07:32 +0000"
    },
    "done": true
  },
  "mowziesmobs:root": {
    "criteria": {
      "custom_test_name": "2024-08-30 05:01:30 +0000"
    },
    "done": true
  },
  "ms:armor/pickup_new_armor": {
    "criteria": {
      "opal_helmet": "2024-08-30 05:34:16 +0000"
    },
    "done": true
  },
  "incendium:technical/using/shield": {
    "criteria": {
      "log_spam_fixer": "2024-08-30 05:01:31 +0000"
    },
    "done": false
  },
  "travelersbackpack:standard_from_custom": {
    "criteria": {
      "has_the_recipe": "2024-08-30 05:01:30 +0000"
    },
    "done": true
  },
  "DataVersion": 3120
}