{
  "betterdungeons:root": {
    "criteria": {
      "always": "2024-08-30 05:01:30 +0000"
    },
    "done": true
  },
  "incendium:technical/using/trailblazer": {
    "criteria": {
      "log_spam_fixer": "2024-08-30 05:01:31 +0000"
    },
    "done": false
  },
  "minecraft:adventure/kill_a_mob": {
    "criteria": {
      "minecraft:witch": "2024-08-30 05:26:12 +0000"
    },
    "done": true
  },
  "ms:armor/armor_set": {
    "criteria": {
      "bronze_armor": "2024-08-31 01:58:08 +0000"
    },
    "done": true
  },
  "incendium:technical/scroll_of_returning": {
    "criteria": {
      "log_spam_fixer": "2024-08-30 05:01:31 +0000"
    },
    "done": false
  },
  "dungeons_arise:find_small_blimp": {
    "criteria": {
      "location0": "2024-08-31 01:35:24 +0000"
    },
    "done": true
  },
  "minecraft:story/obtain_armor": {
    "criteria": {
      "iron_helmet": "2024-08-31 01:39:01 +0000"
    },
    "done": true
  },
  "iceandfire:iceandfire/dragonarmor": {
    "criteria": {
      "iron": "2024-08-31 18:07:53 +0000"
    },
    "done": true
  },
  "biomesoplenty:biomesoplenty/all_biomes": {
    "criteria": {
      "highland": "2024-08-31 01:51:25 +0000",
      "maple_woods": "2024-08-31 18:28:42 +0000",
      "field": "2024-08-31 02:00:56 +0000",
      "coniferous_forest": "2024-08-31 18:13:07 +0000",
      "spider_nest": "2024-08-31 02:05:34 +0000",
      "cherry_blossom_grove": "2024-08-31 18:29:10 +0000",
      "seasonal_forest": "2024-08-31 18:28:40 +0000",
      "auroral_garden": "2024-08-31 02:02:44 +0000",
      "fir_clearing": "2024-08-31 18:13:23 +0000",
      "snowy_coniferous_forest": "2024-08-31 02:00:41 +0000",
      "snowy_fir_clearing": "2024-08-31 01:52:55 +0000",
      "tundra": "2024-08-30 05:03:01 +0000",
      "ominous_woods": "2024-08-31 01:52:48 +0000"
    },
    "done": false
  },
  "minecraft:story/mine_stone": {
    "criteria": {
      "get_stone": "2024-08-30 05:29:51 +0000"
    },
    "done": true
  },
  "iceandfire:iceandfire/bestiary": {
    "criteria": {
      "bestiary": "2024-08-31 18:04:26 +0000"
    },
    "done": true
  },
  "minecraft:adventure/adventuring_time": {
    "criteria": {
      "minecraft:taiga": "2024-08-31 18:28:43 +0000",
      "minecraft:frozen_river": "2024-08-30 05:02:18 +0000",
      "minecraft:birch_forest": "2024-08-31 18:29:59 +0000",
      "minecraft:beach": "2024-08-31 18:18:39 +0000",
      "minecraft:river": "2024-08-31 18:14:13 +0000",
      "minecraft:snowy_plains": "2024-08-30 05:02:20 +0000",
      "minecraft:stony_shore": "2024-08-30 05:11:06 +0000",
      "minecraft:snowy_taiga": "2024-08-30 05:01:31 +0000",
      "minecraft:dripstone_caves": "2024-08-30 05:34:42 +0000",
      "minecraft:forest": "2024-08-31 01:50:29 +0000",
      "minecraft:ice_spikes": "2024-08-30 05:02:56 +0000",
      "minecraft:frozen_ocean": "2024-08-30 05:11:27 +0000",
      "minecraft:snowy_beach": "2024-08-30 05:02:46 +0000",
      "minecraft:deep_dark": "2024-08-31 17:30:19 +0000",
      "minecraft:meadow": "2024-08-31 01:50:40 +0000",
      "minecraft:plains": "2024-08-31 01:50:20 +0000"
    },
    "done": false
  },
  "ms:ore/all_ingot": {
    "criteria": {
      "tin": "2024-08-31 17:32:33 +0000",
      "silver": "2024-08-31 02:08:19 +0000",
      "uranium": "2024-08-31 17:23:58 +0000"
    },
    "done": false
  },
  "minecraft:adventure/sleep_in_bed": {
    "criteria": {
      "slept_in_bed": "2024-08-30 05:50:53 +0000"
    },
    "done": true
  },
  "incendium:technical/using/ragnarok": {
    "criteria": {
      "log_spam_fixer": "2024-08-30 05:01:31 +0000"
    },
    "done": false
  },
  "ms:tools/pickup_new_tool": {
    "criteria": {
      "steel_sword": "2024-08-31 01:57:44 +0000"
    },
    "done": true
  },
  "iceandfire:iceandfire/root": {
    "criteria": {
      "tick": "2024-08-30 05:01:30 +0000"
    },
    "done": true
  },
  "minecraft:husbandry/root": {
    "criteria": {
      "consumed_item": "2024-08-30 05:23:44 +0000"
    },
    "done": true
  },
  "ms:ore/new_gem": {
    "criteria": {
      "citrine": "2024-08-31 02:05:16 +0000"
    },
    "done": true
  },
  "incendium:technical/new_player": {
    "criteria": {
      "requirement": "2024-08-30 05:01:30 +0000"
    },
    "done": true
  },
  "ms:ore/all_resources": {
    "criteria": {
      "mithril": "2024-08-31 02:05:47 +0000",
      "white_opal": "2024-08-31 02:22:36 +0000",
      "cobalt": "2024-08-31 02:15:48 +0000",
      "onyx": "2024-08-31 02:05:25 +0000",
      "olivine": "2024-08-31 02:12:34 +0000",
      "jet": "2024-08-31 02:06:22 +0000",
      "tin": "2024-08-31 02:04:47 +0000",
      "sulfur": "2024-08-31 02:21:37 +0000",
      "chromite": "2024-08-31 02:18:33 +0000",
      "potassium_nitrate": "2024-08-31 17:31:59 +0000",
      "amazonite": "2024-08-31 02:07:00 +0000",
      "sapphire": "2024-08-31 02:12:52 +0000",
      "turquoise_deepslate": "2024-08-31 17:29:17 +0000",
      "chromite_deepslate": "2024-08-31 17:32:22 +0000",
      "scarlet_emerald": "2024-08-31 17:33:22 +0000",
      "ruby": "2024-08-31 02:16:49 +0000",
      "citrine": "2024-08-31 02:05:16 +0000",
      "opal": "2024-08-31 17:32:40 +0000",
      "uranium": "2024-08-31 02:28:41 +0000"
    },
    "done": false
  },
  "ms:ore/overworld_ore_all": {
    "criteria": {
      "mithril": "2024-08-31 02:05:47 +0000",
      "white_opal": "2024-08-31 02:22:36 +0000",
      "cobalt": "2024-08-31 02:15:48 +0000",
      "onyx": "2024-08-31 02:05:25 +0000",
      "olivine": "2024-08-31 02:12:34 +0000",
      "jet": "2024-08-31 02:06:22 +0000",
      "tin": "2024-08-31 02:04:47 +0000",
      "sulfur": "2024-08-31 02:21:37 +0000",
      "chromite": "2024-08-31 02:18:33 +0000",
      "potassium_nitrate": "2024-08-31 17:31:59 +0000",
      "amazonite": "2024-08-31 02:07:00 +0000",
      "sapphire": "2024-08-31 02:12:52 +0000",
      "turquoise_deepslate": "2024-08-31 17:29:17 +0000",
      "chromite_deepslate": "2024-08-31 17:32:22 +0000",
      "scarlet_emerald": "2024-08-31 17:33:22 +0000",
      "ruby": "2024-08-31 02:16:49 +0000",
      "citrine": "2024-08-31 02:05:16 +0000",
      "opal": "2024-08-31 17:32:40 +0000",
      "uranium": "2024-08-31 02:28:41 +0000"
    },
    "done": false
  },
  "minecraft:adventure/root": {
    "criteria": {
      "killed_by_something": "2024-08-30 05:07:32 +0000"
    },
    "done": true
  },
  "mowziesmobs:root": {
    "criteria": {
      "custom_test_name": "2024-08-30 05:01:30 +0000"
    },
    "done": true
  },
  "ms:armor/pickup_new_armor": {
    "criteria": {
      "opal_helmet": "2024-08-30 05:34:16 +0000"
    },
    "done": true
  },
  "quark:get_all_corundum": {
    "criteria": {
      "indigo": "2024-08-31 02:04:47 +0000"
    },
    "done": false
  },
  "betterdungeons:all_dungeons": {
    "criteria": {
      "in_better_zombie_dungeon": "2024-08-30 05:26:33 +0000",
      "in_better_spider_dungeon": "2024-08-30 05:49:12 +0000"
    },
    "done": false
  },
  "betterdungeons:zombie_dungeon": {
    "criteria": {
      "in_better_zombie_dungeon": "2024-08-30 05:26:33 +0000"
    },
    "done": true
  },
  "ms:ore/all_gem": {
    "criteria": {
      "white_opal": "2024-08-31 02:22:36 +0000",
      "scarlet_emerald": "2024-08-31 17:33:22 +0000",
      "onyx": "2024-08-31 02:05:25 +0000",
      "olivine": "2024-08-31 02:12:34 +0000",
      "ruby": "2024-08-31 02:16:49 +0000",
      "citrine": "2024-08-31 02:05:16 +0000",
      "jet": "2024-08-31 02:06:22 +0000",
      "opal": "2024-08-31 17:32:40 +0000",
      "sulfur": "2024-08-31 02:21:37 +0000",
      "uranium": "2024-08-31 02:28:41 +0000",
      "potassium_nitrate": "2024-08-31 17:31:59 +0000",
      "amazonite": "2024-08-31 02:07:00 +0000",
      "sapphire": "2024-08-31 02:12:52 +0000"
    },
    "done": false
  },
  "iceandfire:iceandfire/kill_cyclops": {
    "criteria": {
      "killed_fire_dragon": "2024-08-31 18:21:01 +0000"
    },
    "done": true
  },
  "ms:root": {
    "criteria": {
      "in_modded_overworld": "2024-08-30 05:01:31 +0000"
    },
    "done": true
  },
  "minecraft:adventure/kill_all_mobs": {
    "criteria": {
      "minecraft:pillager": "2024-08-30 05:50:33 +0000",
      "minecraft:skeleton": "2024-08-30 05:45:19 +0000",
      "minecraft:vindicator": "2024-08-31 18:31:28 +0000",
      "minecraft:evoker": "2024-08-31 18:32:06 +0000",
      "minecraft:witch": "2024-08-30 05:26:12 +0000",
      "minecraft:cave_spider": "2024-08-31 02:14:18 +0000",
      "minecraft:stray": "2024-08-31 17:40:50 +0000",
      "minecraft:zombie": "2024-08-30 05:27:36 +0000",
      "minecraft:zombie_villager": "2024-08-31 01:45:44 +0000"
    },
    "done": false
  },
  "dungeons_arise:wda_root": {
    "criteria": {
      "WDA": "2024-08-30 05:01:30 +0000"
    },
    "done": true
  },
  "minecraft:husbandry/balanced_diet": {
    "criteria": {
      "honey_bottle": "2024-08-31 01:44:24 +0000",
      "mutton": "2024-08-30 05:45:30 +0000",
      "bread": "2024-08-30 05:23:44 +0000",
      "rotten_flesh": "2024-08-30 05:49:20 +0000",
      "carrot": "2024-08-31 01:26:27 +0000"
    },
    "done": false
  },
  "ms:ore/new_resources": {
    "criteria": {
      "tin": "2024-08-31 02:04:47 +0000"
    },
    "done": true
  },
  "ms:armor/all_armor_sets": {
    "criteria": {
      "bronze_armor": "2024-08-31 01:58:08 +0000"
    },
    "done": false
  },
  "iceandfire:iceandfire/dragon_forge_brick": {
    "criteria": {
      "forge": "2024-08-31 18:02:35 +0000"
    },
    "done": true
  },
  "biomesoplenty:biomesoplenty/root": {
    "criteria": {
      "tundra": "2024-08-30 05:03:01 +0000"
    },
    "done": true
  },
  "create:root": {
    "criteria": {
      "0": "2024-08-30 05:01:30 +0000"
    },
    "done": true
  },
  "betterdeserttemples:root": {
    "criteria": {
      "always": "2024-08-30 05:01:30 +0000"
    },
    "done": true
  },
  "minecraft:story/iron_tools": {
    "criteria": {
      "iron_pickaxe": "2024-08-30 05:25:47 +0000"
    },
    "done": true
  },
  "orcz:orczchallenge": {
    "criteria": {
      "orczchallenge": "2024-08-30 05:01:30 +0000"
    },
    "done": true
  },
  "minecraft:story/mine_diamond": {
    "criteria": {
      "diamond": "2024-08-30 05:38:22 +0000"
    },
    "done": true
  },
  "ms:ore/new_ingot": {
    "criteria": {
      "silver": "2024-08-31 02:08:19 +0000"
    },
    "done": true
  },
  "minecraft:story/upgrade_tools": {
    "criteria": {
      "stone_pickaxe": "2024-08-31 01:30:01 +0000"
    },
    "done": true
  },
  "minecraft:story/root": {
    "criteria": {
      "crafting_table": "2024-08-30 05:25:40 +0000"
    },
    "done": true
  },
  "iceandfire:iceandfire/dragon_flute": {
    "criteria": {
      "bestiary": "2024-08-31 18:00:44 +0000"
    },
    "done": true
  },
  "minecraft:adventure/totem_of_undying": {
    "criteria": {
      "used_totem": "2024-08-31 18:37:31 +0000"
    },
    "done": true
  },
  "minecraft:story/smelt_iron": {
    "criteria": {
      "iron": "2024-08-30 05:20:53 +0000"
    },
    "done": true
  },
  "betterdungeons:spider_dungeon": {
    "criteria": {
      "in_better_spider_dungeon": "2024-08-30 05:49:12 +0000"
    },
    "done": true
  },
  "incendium:technical/using/shield": {
    "criteria": {
      "log_spam_fixer": "2024-08-30 05:01:31 +0000"
    },
    "done": false
  },
  "travelersbackpack:standard_from_custom": {
    "criteria": {
      "has_the_recipe": "2024-08-30 05:01:30 +0000"
    },
    "done": true
  },
  "DataVersion": 3120
}