{
  "betterdungeons:root": {
    "criteria": {
      "always": "2024-08-30 05:06:29 +0000"
    },
    "done": true
  },
  "incendium:technical/on_block": {
    "criteria": {
      "log_spam_fixer": "2024-08-31 18:37:42 +0000"
    },
    "done": false
  },
  "incendium:technical/using/trailblazer": {
    "criteria": {
      "log_spam_fixer": "2024-08-30 05:06:30 +0000"
    },
    "done": false
  },
  "minecraft:adventure/kill_a_mob": {
    "criteria": {
      "minecraft:pillager": "2024-08-30 05:23:59 +0000"
    },
    "done": true
  },
  "ms:armor/armor_set": {
    "criteria": {
      "glass_armor": "2024-08-31 01:58:26 +0000"
    },
    "done": true
  },
  "incendium:technical/scroll_of_returning": {
    "criteria": {
      "log_spam_fixer": "2024-08-30 05:06:30 +0000"
    },
    "done": false
  },
  "incendium:technical/multiplex_crossbow": {
    "criteria": {
      "log_spam_fixer": "2024-08-31 18:37:42 +0000"
    },
    "done": false
  },
  "dungeons_arise:find_small_blimp": {
    "criteria": {
      "location0": "2024-08-31 01:36:02 +0000"
    },
    "done": true
  },
  "minecraft:story/obtain_armor": {
    "criteria": {
      "iron_chestplate": "2024-08-30 05:46:25 +0000"
    },
    "done": true
  },
  "iceandfire:iceandfire/dragonarmor": {
    "criteria": {
      "iron": "2024-08-31 18:01:27 +0000"
    },
    "done": true
  },
  "biomesoplenty:biomesoplenty/all_biomes": {
    "criteria": {
      "highland": "2024-08-31 02:06:05 +0000",
      "field": "2024-08-31 02:01:00 +0000",
      "coniferous_forest": "2024-08-31 18:13:15 +0000",
      "spider_nest": "2024-08-31 02:06:06 +0000",
      "cherry_blossom_grove": "2024-08-31 18:30:38 +0000",
      "auroral_garden": "2024-08-31 02:02:47 +0000",
      "fir_clearing": "2024-08-31 18:13:26 +0000",
      "snowy_coniferous_forest": "2024-08-31 02:00:46 +0000",
      "snowy_fir_clearing": "2024-08-31 02:00:53 +0000",
      "tundra": "2024-08-30 05:08:46 +0000",
      "ominous_woods": "2024-08-31 02:03:02 +0000"
    },
    "done": false
  },
  "minecraft:story/mine_stone": {
    "criteria": {
      "get_stone": "2024-08-30 05:24:57 +0000"
    },
    "done": true
  },
  "incendium:technical/firestorm": {
    "criteria": {
      "log_spam_fixer": "2024-08-31 18:37:42 +0000"
    },
    "done": false
  },
  "minecraft:adventure/adventuring_time": {
    "criteria": {
      "minecraft:taiga": "2024-08-31 18:30:47 +0000",
      "minecraft:frozen_river": "2024-08-30 05:08:04 +0000",
      "minecraft:birch_forest": "2024-08-31 18:30:43 +0000",
      "minecraft:beach": "2024-08-31 18:18:26 +0000",
      "minecraft:river": "2024-08-31 18:16:04 +0000",
      "minecraft:snowy_plains": "2024-08-30 05:08:01 +0000",
      "minecraft:stony_shore": "2024-08-30 05:11:06 +0000",
      "minecraft:dripstone_caves": "2024-08-30 05:29:01 +0000",
      "minecraft:snowy_taiga": "2024-08-30 05:06:30 +0000",
      "minecraft:forest": "2024-08-31 02:19:09 +0000",
      "minecraft:deep_dark": "2024-08-31 17:29:39 +0000",
      "minecraft:meadow": "2024-08-31 02:11:52 +0000",
      "minecraft:plains": "2024-08-31 18:12:42 +0000"
    },
    "done": false
  },
  "ms:ore/all_ingot": {
    "criteria": {
      "tin": "2024-08-31 02:07:27 +0000",
      "silver": "2024-08-31 02:08:15 +0000"
    },
    "done": false
  },
  "minecraft:adventure/sleep_in_bed": {
    "criteria": {
      "slept_in_bed": "2024-08-30 05:50:59 +0000"
    },
    "done": true
  },
  "incendium:technical/using/ragnarok": {
    "criteria": {
      "log_spam_fixer": "2024-08-30 05:06:30 +0000"
    },
    "done": false
  },
  "ms:tools/pickup_new_tool": {
    "criteria": {
      "steel_sword": "2024-08-31 02:00:32 +0000"
    },
    "done": true
  },
  "iceandfire:iceandfire/root": {
    "criteria": {
      "tick": "2024-08-30 05:06:29 +0000"
    },
    "done": true
  },
  "minecraft:husbandry/root": {
    "criteria": {
      "consumed_item": "2024-08-30 05:20:52 +0000"
    },
    "done": true
  },
  "minecraft:story/shiny_gear": {
    "criteria": {
      "diamond_helmet": "2024-08-31 18:33:00 +0000"
    },
    "done": true
  },
  "ms:ore/new_gem": {
    "criteria": {
      "citrine": "2024-08-31 02:06:10 +0000"
    },
    "done": true
  },
  "incendium:technical/inventory/sentrys_wrath": {
    "criteria": {
      "log_spam_fixer": "2024-08-31 18:37:42 +0000"
    },
    "done": false
  },
  "incendium:technical/new_player": {
    "criteria": {
      "requirement": "2024-08-30 05:06:29 +0000"
    },
    "done": true
  },
  "ms:ore/all_resources": {
    "criteria": {
      "mithril": "2024-08-31 02:05:22 +0000",
      "cobalt": "2024-08-31 02:17:02 +0000",
      "olivine": "2024-08-31 02:16:15 +0000",
      "jet": "2024-08-31 02:16:31 +0000",
      "tin": "2024-08-31 02:06:48 +0000",
      "sulfur": "2024-08-31 02:21:46 +0000",
      "chromite": "2024-08-31 02:18:17 +0000",
      "potassium_nitrate": "2024-08-31 02:12:25 +0000",
      "amazonite": "2024-08-31 02:11:13 +0000",
      "sapphire": "2024-08-31 02:12:39 +0000",
      "turquoise_deepslate": "2024-08-31 17:29:18 +0000",
      "scarlet_emerald": "2024-08-31 17:27:20 +0000",
      "ruby": "2024-08-31 02:14:04 +0000",
      "citrine": "2024-08-31 02:06:10 +0000",
      "opal": "2024-08-31 02:12:03 +0000",
      "silver": "2024-08-31 02:05:19 +0000",
      "uranium": "2024-08-31 17:27:15 +0000"
    },
    "done": false
  },
  "ms:ore/overworld_ore_all": {
    "criteria": {
      "mithril": "2024-08-31 02:05:22 +0000",
      "cobalt": "2024-08-31 02:17:02 +0000",
      "olivine": "2024-08-31 02:16:15 +0000",
      "jet": "2024-08-31 02:16:31 +0000",
      "tin": "2024-08-31 02:06:48 +0000",
      "sulfur": "2024-08-31 02:21:46 +0000",
      "chromite": "2024-08-31 02:18:17 +0000",
      "potassium_nitrate": "2024-08-31 02:12:25 +0000",
      "amazonite": "2024-08-31 02:11:13 +0000",
      "sapphire": "2024-08-31 02:12:39 +0000",
      "turquoise_deepslate": "2024-08-31 17:29:18 +0000",
      "scarlet_emerald": "2024-08-31 17:27:20 +0000",
      "ruby": "2024-08-31 02:14:04 +0000",
      "citrine": "2024-08-31 02:06:10 +0000",
      "opal": "2024-08-31 02:12:03 +0000",
      "silver": "2024-08-31 02:05:19 +0000",
      "uranium": "2024-08-31 17:27:15 +0000"
    },
    "done": false
  },
  "incendium:technical/holy_wrath": {
    "criteria": {
      "log_spam_fixer": "2024-08-31 18:37:42 +0000"
    },
    "done": false
  },
  "incendium:technical/inventory/firestorm": {
    "criteria": {
      "log_spam_fixer": "2024-08-31 18:37:42 +0000"
    },
    "done": false
  },
  "minecraft:adventure/root": {
    "criteria": {
      "killed_something": "2024-08-30 05:07:32 +0000"
    },
    "done": true
  },
  "minecraft:husbandry/plant_seed": {
    "criteria": {
      "pumpkin_stem": "2024-08-31 01:33:35 +0000"
    },
    "done": true
  },
  "mowziesmobs:root": {
    "criteria": {
      "custom_test_name": "2024-08-30 05:06:29 +0000"
    },
    "done": true
  },
  "ms:armor/pickup_new_armor": {
    "criteria": {
      "opal_helmet": "2024-08-30 05:41:51 +0000"
    },
    "done": true
  },
  "quark:get_all_corundum": {
    "criteria": {
      "indigo": "2024-08-31 02:03:41 +0000"
    },
    "done": false
  },
  "incendium:technical/give_ghastling": {
    "criteria": {
      "log_spam_fixer": "2024-08-31 18:37:42 +0000"
    },
    "done": false
  },
  "betterdungeons:all_dungeons": {
    "criteria": {
      "in_better_zombie_dungeon": "2024-08-30 05:26:08 +0000",
      "in_better_spider_dungeon": "2024-08-30 05:50:19 +0000"
    },
    "done": false
  },
  "betterdungeons:zombie_dungeon": {
    "criteria": {
      "in_better_zombie_dungeon": "2024-08-30 05:26:08 +0000"
    },
    "done": true
  },
  "ms:ore/all_gem": {
    "criteria": {
      "scarlet_emerald": "2024-08-31 17:27:20 +0000",
      "olivine": "2024-08-31 02:16:15 +0000",
      "ruby": "2024-08-31 02:14:04 +0000",
      "citrine": "2024-08-31 02:06:10 +0000",
      "jet": "2024-08-31 02:16:31 +0000",
      "opal": "2024-08-31 02:12:03 +0000",
      "sulfur": "2024-08-31 02:21:46 +0000",
      "uranium": "2024-08-31 17:27:15 +0000",
      "potassium_nitrate": "2024-08-31 02:12:25 +0000",
      "amazonite": "2024-08-31 02:11:13 +0000",
      "sapphire": "2024-08-31 02:12:39 +0000"
    },
    "done": false
  },
  "incendium:technical/on_kill": {
    "criteria": {
      "log_spam_fixer": "2024-08-31 18:37:42 +0000"
    },
    "done": false
  },
  "incendium:technical/on_player_hurt": {
    "criteria": {
      "log_spam_fixer": "2024-08-31 18:37:42 +0000"
    },
    "done": false
  },
  "ms:root": {
    "criteria": {
      "in_modded_overworld": "2024-08-30 05:06:30 +0000"
    },
    "done": true
  },
  "minecraft:adventure/kill_all_mobs": {
    "criteria": {
      "minecraft:pillager": "2024-08-30 05:23:59 +0000",
      "minecraft:skeleton": "2024-08-31 01:39:13 +0000",
      "minecraft:spider": "2024-08-31 01:46:11 +0000",
      "minecraft:witch": "2024-08-31 17:41:25 +0000",
      "minecraft:zombie": "2024-08-31 18:15:41 +0000"
    },
    "done": false
  },
  "incendium:technical/sentrys_wrath": {
    "criteria": {
      "log_spam_fixer": "2024-08-31 18:37:42 +0000"
    },
    "done": false
  },
  "dungeons_arise:wda_root": {
    "criteria": {
      "WDA": "2024-08-30 05:06:29 +0000"
    },
    "done": true
  },
  "minecraft:husbandry/balanced_diet": {
    "criteria": {
      "honey_bottle": "2024-08-31 01:31:27 +0000",
      "sweet_berries": "2024-08-30 05:52:02 +0000",
      "potato": "2024-08-30 05:25:40 +0000",
      "bread": "2024-08-30 05:20:52 +0000",
      "golden_apple": "2024-08-30 05:35:00 +0000",
      "rotten_flesh": "2024-08-30 05:32:15 +0000",
      "carrot": "2024-08-30 05:40:36 +0000"
    },
    "done": false
  },
  "ms:ore/new_resources": {
    "criteria": {
      "silver": "2024-08-31 02:05:19 +0000"
    },
    "done": true
  },
  "ms:armor/all_armor_sets": {
    "criteria": {
      "glass_armor": "2024-08-31 01:58:26 +0000"
    },
    "done": false
  },
  "iceandfire:iceandfire/dragon_forge_brick": {
    "criteria": {
      "forge": "2024-08-31 18:03:04 +0000"
    },
    "done": true
  },
  "biomesoplenty:biomesoplenty/root": {
    "criteria": {
      "tundra": "2024-08-30 05:08:46 +0000"
    },
    "done": true
  },
  "create:root": {
    "criteria": {
      "0": "2024-08-30 05:06:29 +0000"
    },
    "done": true
  },
  "betterdeserttemples:root": {
    "criteria": {
      "always": "2024-08-30 05:06:29 +0000"
    },
    "done": true
  },
  "minecraft:story/iron_tools": {
    "criteria": {
      "iron_pickaxe": "2024-08-30 05:41:29 +0000"
    },
    "done": true
  },
  "orcz:orczchallenge": {
    "criteria": {
      "orczchallenge": "2024-08-30 05:06:29 +0000"
    },
    "done": true
  },
  "incendium:technical/feed_ghastling": {
    "criteria": {
      "log_spam_fixer": "2024-08-31 18:37:42 +0000"
    },
    "done": false
  },
  "ms:ore/new_ingot": {
    "criteria": {
      "tin": "2024-08-31 02:07:27 +0000"
    },
    "done": true
  },
  "minecraft:story/mine_diamond": {
    "criteria": {
      "diamond": "2024-08-31 02:26:46 +0000"
    },
    "done": true
  },
  "minecraft:story/upgrade_tools": {
    "criteria": {
      "stone_pickaxe": "2024-08-30 05:25:26 +0000"
    },
    "done": true
  },
  "minecraft:story/root": {
    "criteria": {
      "crafting_table": "2024-08-30 05:12:23 +0000"
    },
    "done": true
  },
  "minecraft:story/smelt_iron": {
    "criteria": {
      "iron": "2024-08-30 05:15:46 +0000"
    },
    "done": true
  },
  "betterdungeons:spider_dungeon": {
    "criteria": {
      "in_better_spider_dungeon": "2024-08-30 05:50:19 +0000"
    },
    "done": true
  },
  "incendium:technical/using/shield": {
    "criteria": {
      "log_spam_fixer": "2024-08-30 05:06:30 +0000"
    },
    "done": false
  },
  "travelersbackpack:standard_from_custom": {
    "criteria": {
      "has_the_recipe": "2024-08-30 05:06:29 +0000"
    },
    "done": true
  },
  "incendium:technical/on_inventory_change": {
    "criteria": {
      "log_spam_fixer": "2024-08-31 18:37:42 +0000"
    },
    "done": false
  },
  "DataVersion": 3120
}